,,,,,,,,,,,,,,,,,,,,,,,,,,,,,,,,
,,,,Course Grade Distribution - Summer 2022,,,,,,,,,,,,,,,,,,,,,,,,,,,,
,,,,Summer 2022 Courses Offered at Purdue - West Lafayette having more than 10 Students,,,,,,,,,,,,,,,,,,,,,,,,,,,,
,,,,,,,,,,,,,,,,,,,,,,,,,,,,,,,,
,,,,"Run Date: Sep 16, 2022",,,,,,,,,,,,,,,,,,,,,,,,,,,,
EM Analysis and Reporting,,,,Page Number: 1,,,,,,,,,,,,,,,,,,,,,,,,,,,,
,,,,,,,,,,,,,,,,,,,,,,,,,,,,,,,,
,,,,,,,,,A,A-,A+,AU,B,B-,B+,C,C-,C+,D,D-,D+,E,F,I,N,P,PI,S,SI,U,W,WF
Subject,Subject Desc,Course Number,Title,Academic Period,Academic Period Desc,Section,CRN,Instructor,% of Total,% of Total,% of Total,% of Total,% of Total,% of Total,% of Total,% of Total,% of Total,% of Total,% of Total,% of Total,% of Total,% of Total,% of Total,% of Total,% of Total,% of Total,% of Total,% of Total,% of Total,% of Total,% of Total,% of Total
AAE,AAE-Aero & Astro Engineering,20300,Aeromechanics I,202230,Summer 2022,002,32008,"Burton, Alexander B.",17.4%,,13.0%,,13.0%,,,,8.7%,4.3%,4.3%,,4.3%,,17.4%,,,,,,,,13.0%,4.3%
,,20400,Aeromechanics II,202230,Summer 2022,003,32009,"Hassan, Hashim",42.9%,,4.1%,,24.5%,,16.3%,4.1%,,4.1%,2.0%,,,,,,,,,,,,2.0%,
,,33300,Fluid Mechanics,202230,Summer 2022,003,32011,"Cai, Wenjie",25.0%,6.3%,,,12.5%,12.5%,12.5%,12.5%,,,,,,,12.5%,,,,,,,,6.3%,
,,33400,Aerodynamics,202230,Summer 2022,002,32012,"Bane, Sally P.",21.4%,21.4%,3.6%,,17.9%,3.6%,21.4%,,3.6%,3.6%,,,,,3.6%,,,,,,,,,
,,35200,Structural Analysis I,202230,Summer 2022,003,32013,"Hassan, Hashim",52.6%,,21.1%,,21.1%,,2.6%,,,,,,,,2.6%,,,,,,,,,
,,41800,Zero-Gravity Flt Exper,202230,Summer 2022,001,22551,"Collicott, Steven H.",100.0%,,,,,,,,,,,,,,,,,,,,,,,
,,64200,Grad Professional Prac,202230,Summer 2022,001,10016,"Blaisdell, Gregory A.",,,,,,,,,,,,,,,,,,,,100.0%,,,,
,,69900,Research PhD Thesis,202230,Summer 2022,006,10041,"Hwang, Inseok",,,,,,,,,,,,,,,,,,,,90.9%,,9.1%,,
ABE,ABE-Agri & Biol Engineering,69900,Research PhD Thesis,202230,Summer 2022,035,25253,"Clase, Kari L.",,,,,,,,,,,,,,,,,,,,100.0%,,,,
AD,AD-Art & Design,25500,Art Appreciation,202230,Summer 2022,001,10499,"Poer, Sara J.",80.0%,2.5%,,,,2.5%,2.5%,2.5%,,2.5%,,,,,5.0%,,,,,,,,2.5%,
AGEC,AGEC-Agricultural Economics,21700,Economics,202230,Summer 2022,001,16998,"Hua, Yizhou",2.6%,,84.2%,,2.6%,,2.6%,,,5.3%,,,,,,,,,,,,,2.6%,
,,33100,Prin Of Industrial Selling,202230,Summer 2022,001,10278,"Cochran, Amy L.",8.8%,11.8%,,,11.8%,2.9%,17.6%,2.9%,,8.8%,2.9%,,2.9%,,14.7%,,,,,,,,14.7%,
AGR,AGR-Agriculture,20100,Com Across Culture,202230,Summer 2022,001,20905,"Holgate, Horane A.",30.6%,16.3%,8.2%,,6.1%,8.2%,2.0%,8.2%,2.0%,2.0%,,,,,2.0%,,,,,,,,14.3%,
,,29000,PC MASI,202230,Summer 2022,001,32020,"Wilson, Christine A.",,,,,,,,,,,,,,,,,,100.0%,,,,,,
AGRY,AGRY-Agronomy,32000,Genetics,202230,Summer 2022,001,12021,"Rainey, Katherine M.",11.5%,5.8%,3.8%,,11.5%,3.8%,17.3%,11.5%,5.8%,11.5%,1.9%,,1.9%,,3.8%,,,,,,,,9.6%,
AMST,AMST-American Studies,10100,America And The World,202230,Summer 2022,001,11171,"Villaver, Melvin E.",,,94.1%,,,,,,,,,,,,,,,,,,,,5.9%,
ANSC,ANSC-Animal Sciences,22100,Princ Of Animal Nutr,202230,Summer 2022,004,18175,"Forsyth, Dale M.",6.3%,12.5%,6.3%,,,,,,,,,,,,,75.0%,,,,,,,,
,,23000,Physiolo/Domestic Anim,202230,Summer 2022,001,31681,"Cabot, Ryan A.",4.2%,,4.2%,,8.3%,8.3%,,,12.5%,12.5%,8.3%,8.3%,,,25.0%,,,,,,,,8.3%,
,,25500,Principles Of Animal Products,202230,Summer 2022,001,31412,"Zuelly, Stacy M.",7.7%,30.8%,15.4%,,7.7%,,7.7%,15.4%,,7.7%,,,,,,,,,,,,,7.7%,
,,32400,Appld Animal Nutrition,202230,Summer 2022,001,13041,"Taylor, Emily G.",36.4%,4.5%,4.5%,,9.1%,,4.5%,4.5%,4.5%,4.5%,,,,,22.7%,,,,,,,,4.5%,
,,33100,Horses In Culture/Society,202230,Summer 2022,002,32288,"Brady, Colleen M.",27.8%,,13.9%,,2.8%,13.9%,16.7%,2.8%,,8.3%,2.8%,,2.8%,,8.3%,,,,,,,,,
ANTH,ANTH-Anthropology,10000,Being Human: Intro To Anth,202230,Summer 2022,001,22294,"Christopher, Lauren",58.3%,2.8%,,,13.9%,,5.6%,2.8%,2.8%,,,,2.8%,,2.8%,,,5.6%,,,,,2.8%,
,,,,,,002,12688,"Smith, Bonnie K.",33.3%,21.4%,11.9%,,19.0%,2.4%,9.5%,,,,,,,,,,,2.4%,,,,,,
,,20400,Human Origins,202230,Summer 2022,001,11346,"Guilbault, Kari A.",30.8%,7.7%,34.6%,,,15.4%,11.5%,,,,,,,,,,,,,,,,,
,,20500,Human Cultural Diversity,202230,Summer 2022,002,11771,"Miller, Valerie T.",62.5%,4.2%,8.3%,,12.5%,,4.2%,,,4.2%,,,,,,,,,,,,,4.2%,
,,,,,,003,12673,"Christodoulaki, Kalliopi M.",21.9%,28.1%,3.1%,,6.3%,6.3%,9.4%,3.1%,3.1%,6.3%,,6.3%,,,3.1%,,,,,,,,3.1%,
,,,,,,Y01,19545,"Aulds, Meredith N.",7.7%,,53.8%,,,7.7%,7.7%,,,7.7%,,,,,15.4%,,,,,,,,,
,,21000,Technology And Culture,202230,Summer 2022,001,25770,"Miller, Valerie T.",31.6%,10.5%,5.3%,,10.5%,5.3%,,10.5%,5.3%,,15.8%,,,,5.3%,,,,,,,,,
,,34000,Global Health,202230,Summer 2022,001,11890,"Smith, Bonnie K.",17.1%,20.0%,8.6%,,20.0%,5.7%,8.6%,5.7%,,2.9%,2.9%,,,,,2.9%,,,,,,,5.7%,
,,,,,,002,12689,"Aulds, Meredith N.",17.4%,8.7%,73.9%,,,,,,,,,,,,,,,,,,,,,
,,,,,,003,31651,"Christopher, Lauren",6.3%,25.0%,31.3%,,31.3%,,,,,,,,,,,,,6.3%,,,,,,
,,42800,Fld Method Archaeology,202230,Summer 2022,001,31647,"Cooper, Harold K.",91.7%,,,,,,,,,,,,,,8.3%,,,,,,,,,
ASEC,ASEC-Agric Sciences Educ &Comm,33100,Horses In Culture/Society,202230,Summer 2022,002,32289,"Brady, Colleen M.",35.3%,,11.8%,,5.9%,11.8%,35.3%,,,,,,,,,,,,,,,,,
,,54800,Comm Science To The Public,202230,Summer 2022,001,29332,"Forbes, Beth A.",66.7%,20.0%,,,6.7%,,6.7%,,,,,,,,,,,,,,,,,
,,58500,Science Communication,202230,Summer 2022,001,31444,"Pfeiffer, Linda J.",33.3%,8.3%,41.7%,,,,,16.7%,,,,,,,,,,,,,,,,
ASL,ASL-American Sign Language,10100,American Sign Lang I,202230,Summer 2022,016,31728,"Barrett, Michael A.",33.3%,46.7%,,,13.3%,6.7%,,,,,,,,,,,,,,,,,,
,,,,,,017,32014,"Borkowski, Sharon L.",33.3%,26.7%,,,20.0%,6.7%,13.3%,,,,,,,,,,,,,,,,,
,,,,,,018,32015,"Borkowski, Sharon L.",46.7%,13.3%,20.0%,,13.3%,,6.7%,,,,,,,,,,,,,,,,,
,,,,,,019,32016,"Mowl, Rita M.",21.4%,28.6%,7.1%,,,7.1%,21.4%,,,7.1%,,,,,7.1%,,,,,,,,,
,,,,,,020,32017,"Mowl, Rita M.",6.3%,25.0%,12.5%,,25.0%,18.8%,,6.3%,,6.3%,,,,,,,,,,,,,,
,,10200,American Sign Lang II,202230,Summer 2022,003,31729,"Shay, Robin A.",,13.3%,,,13.3%,20.0%,13.3%,,6.7%,13.3%,,,,,,,,,,,,,20.0%,
,,20100,American Sign Lang III,202230,Summer 2022,001,31771,"Kothari, Sagar P.",14.3%,14.3%,7.1%,,7.1%,,28.6%,7.1%,7.1%,,,,,,,,,,,,,,14.3%,
AT,AT-Aviation Technology,14400,Private Pilot Lectures,202230,Summer 2022,003,29653,"Flores, Abner D.",6.9%,3.4%,72.4%,,3.4%,,10.3%,,,,,,,,,3.4%,,,,,,,,
,,21100,Ground Trainer II,202230,Summer 2022,044,29845,"Duran Trinidad, Lucero",,,,,,,,,,,,,,,,,,100.0%,,,,,,
,,24302,Comm Flight I Fed Aviatn Reg,202230,Summer 2022,037,29846,"Duran Trinidad, Lucero",,,,,,,,,,,,,,,,,,42.9%,57.1%,,,,,
,,25302,Instrumnt Flight Fed AviatnReg,202230,Summer 2022,035,29847,"Duran Trinidad, Lucero",,,,,,,,,,,,,,,,,,,100.0%,,,,,
,,35100,Flt Instructor Flt,202230,Summer 2022,001,29841,"Duran Trinidad, Lucero",,,,,,,,,,,,,,,,,,50.0%,50.0%,,,,,
,,49600,Applied Research Proposal,202230,Summer 2022,001,10976,"Ropp, Timothy D.",100.0%,,,,,,,,,,,,,,,,,,,,,,,
,,49700,Applied Resrch Project,202230,Summer 2022,002,10993,"Ropp, Timothy D.",100.0%,,,,,,,,,,,,,,,,,,,,,,,
BCHM,BCHM-Biochemistry,30700,Biochemistry,202230,Summer 2022,Y01,27331,"Hart, Orla M.",50.4%,,,,38.6%,,,4.7%,,,0.8%,,,,4.7%,,,,,,,,0.8%,
BIOL,BIOL-Biological Sciences,11000,Fundamentals Biol I,202230,Summer 2022,001,13192,"Browning, Mark E.",11.1%,,,,22.2%,5.6%,,11.1%,,11.1%,5.6%,5.6%,11.1%,,11.1%,5.6%,,,,,,,,
,,11100,Fundamentals Biol II,202230,Summer 2022,001,31615,"Humphrey, Sean E.",21.1%,,26.3%,,26.3%,,21.1%,,,5.3%,,,,,,,,,,,,,,
,,12100,Biol I Divrs Ecol Behv,202230,Summer 2022,001,13597,"Schumacher, Grace A.",23.1%,,,,25.0%,,17.3%,9.6%,,7.7%,5.8%,,3.8%,,5.8%,,,,,,,,1.9%,
,,20300,Human Antmy & Physiol,202230,Summer 2022,005,31643,"Kolo, Lisa P.",4.1%,10.2%,,,14.3%,8.2%,8.2%,12.2%,10.2%,16.3%,4.1%,,10.2%,,2.0%,,,,,,,,,
,,20400,Human Antmy & Physiol,202230,Summer 2022,001,30449,"Stillman, Lisa",2.2%,,,,22.2%,28.9%,,17.8%,2.2%,17.8%,,,6.7%,,,,,,,,,,2.2%,
,,22100,Intro To Microbiology,202230,Summer 2022,001,31427,"Torres Luquis, Odalys J.",44.4%,5.6%,,,27.8%,11.1%,,5.6%,,,,,,,,,,,,,,,5.6%,
,,23100,Bio III Cell Strct Fnc,202230,Summer 2022,001,20995,"Humphrey, Sean E.",52.5%,,26.3%,,5.1%,,14.1%,,,1.0%,,,,,,,,,,,,,1.0%,
,,28600,Intro To Ecol & Evol,202230,Summer 2022,001,10956,"Lucas, Jeffrey R.",13.5%,,,,8.1%,8.1%,8.1%,18.9%,16.2%,13.5%,2.7%,,,,2.7%,,,,,,,,8.1%,
,,39500,Exp Dsgn&Quant Analys I-Honors,202230,Summer 2022,H01,12227,"Fernandez-Juricic, Esteban",58.3%,1.4%,18.1%,,8.3%,2.8%,4.2%,1.4%,,1.4%,,,,,4.2%,,,,,,,,,
,,42000,Eukaryotic Cell Biol,202230,Summer 2022,001,23761,"Aguilar, Ruben C.",88.5%,,,,3.8%,,,7.7%,,,,,,,,,,,,,,,,
BME,BME-Biomedical Engineering,56300,Regulatory Compliance,202230,Summer 2022,OL1,31066,"Lottes, Aaron E.",50.0%,27.8%,11.1%,,,,5.6%,,,,5.6%,,,,,,,,,,,,,
,,69699,BME Prof Grad Internship,202230,Summer 2022,001,12242,"Brightman, Andrew O.",,,,,,,,,,,,,,,,,,,,100.0%,,,,
CE,CE-Civil Engineering,29202,Contemporary Issues In CE,202230,Summer 2022,001,29690,"Tompkins, John C.",83.3%,,,,16.7%,,,,,,,,,,,,,,,,,,,
,,29900,Dvlp Infrstr Tmrw: Intro To CE,202230,Summer 2022,003,28801,"Khalifah, Susan M.",100.0%,,,,,,,,,,,,,,,,,,,,,,,
,,39201,Technical Communication In CE,202230,Summer 2022,001,29691,"Tompkins, John C.",88.2%,,,,,,,2.9%,,,,,,,2.9%,2.9%,,,,,,,2.9%,
,,39699,Prof Practice Internship,202230,Summer 2022,001,11767,"Heath, Kathy M.",,,,,,,,,,,,,,,,,,,,92.3%,7.7%,,,
,,59700,Plastics In Infrstrctre&Enviro,202230,Summer 2022,OL1,31437,"Whelton, Andrew J.",83.3%,8.3%,,,,,,,,,,,,,,,,,,,,,8.3%,
,,59800,Gr Professional Intern,202230,Summer 2022,019,27904,"Cai, Hubo",,,,,,,,,,,,,,,,,,,,100.0%,,,,
CEM,CEM-Construction Engr & Mgmt,19100,Construct Internship I,202230,Summer 2022,001,10759,"Fulk, Brandon M.",,,,,,,,,,,,,,,,,,,,100.0%,,,,
,,29100,Construct Internshp II,202230,Summer 2022,001,10760,"Fulk, Brandon M.",,,,,,,,,,,,,,,,,,,,96.7%,,3.3%,,
,,39100,Construct Intern III,202230,Summer 2022,001,10761,"Fulk, Brandon M.",,,,,,,,,,,,,,,,,,,,100.0%,,,,
CGT,CGT-Computer Graphics Tech,14100,"Internet Found,Tch&Dev",202230,Summer 2022,Y01,22760,"Morales, Carlos R.",45.5%,,45.5%,,,,,9.1%,,,,,,,,,,,,,,,,
,,16300,Graphical Comm & Spatial Anly,202230,Summer 2022,006,29020,"Fuerst, Travis J.",34.5%,26.2%,13.1%,1.2%,1.2%,1.2%,6.0%,2.4%,,,1.2%,,1.2%,,2.4%,,,,,,,,9.5%,
,,,,,,007,30124,"Fuerst, Travis J.",16.9%,21.5%,13.8%,,4.6%,4.6%,12.3%,1.5%,4.6%,3.1%,,1.5%,,,4.6%,1.5%,,,,,,,9.2%,
,,16400,Graphics For CE &Const,202230,Summer 2022,001,31242,"Cory, Clark A.",9.5%,,23.8%,,23.8%,,,19.0%,,,,,,,,,,,,,,,23.8%,
,,,,,,002,31244,"Cory, Clark A.",22.2%,,16.7%,,16.7%,,,22.2%,,,16.7%,,,,,,,,,,,,5.6%,
CHE,CHE-Chemical Engineering,20500,Ch Engr Calculations,202230,Summer 2022,001,23769,"Harris, Michael T.",5.9%,5.9%,11.8%,,11.8%,11.8%,17.6%,5.9%,,17.6%,,,,,5.9%,,,,,,,,5.9%,
,,59700,Prof MS Capstone Project,202230,Summer 2022,027,28302,"Clark, William R.",50.0%,,28.6%,,3.6%,,14.3%,,,3.6%,,,,,,,,,,,,,,
CHM,CHM-Chemistry,11200,General Chemistry,202230,Summer 2022,001,30011,"Harwood, Cynthia A.",27.5%,,9.8%,,33.3%,,,17.6%,,,2.0%,,,,9.8%,,,,,,,,,
,,11500,General Chemistry,202230,Summer 2022,002,29180,"Rienstra-Kiracofe, Jonathan C.",9.2%,9.2%,,,8.3%,17.5%,12.5%,6.7%,5.8%,15.8%,0.8%,,3.3%,,6.7%,,,,,,,,4.2%,
,,,,,,018,31013,"Rienstra-Kiracofe, Jonathan C.",7.7%,7.7%,,,15.4%,7.7%,7.7%,15.4%,7.7%,23.1%,,,,,,,,,,,,,7.7%,
,,11600,General Chemistry,202230,Summer 2022,006,10830,"Conklin, Jeanine A.",9.2%,6.5%,,,9.2%,8.7%,13.0%,7.6%,4.3%,12.0%,2.7%,2.7%,6.0%,,10.3%,,,,,,,,7.6%,
,,25500,Organic Chemistry,202230,Summer 2022,001,22088,"Kalb, Annah E.",25.9%,,5.6%,,13.0%,,7.4%,25.9%,,9.3%,9.3%,,1.9%,,1.9%,,,,,,,,,
,,25501,Organic Chem Lab,202230,Summer 2022,002,29196,"Alfar, Rami A.",64.7%,,,,29.4%,,,5.9%,,,,,,,,,,,,,,,,
,,25600,Organic Chemistry,202230,Summer 2022,001,29194,"Kern, Mallory K.",35.8%,,25.4%,,13.4%,,6.0%,9.0%,,4.5%,1.5%,,,,4.5%,,,,,,,,,
,,,Organic Chemistry-Honors,202230,Summer 2022,001,29194,"Kern, Mallory K.",100.0%,,,,,,,,,,,,,,,,,,,,,,,
,,69500,Chemistry Grant Writing,202230,Summer 2022,001,32898,"Bond, Sally J.",,,,,,,,,,,,,,,,,,,,87.5%,12.5%,,,
,,69900,Research PhD Thesis,202230,Summer 2022,007,10854,"Cooks, Robert G.",,,,,,,,,,,,,,,,,,,,91.7%,,8.3%,,
,,,,,,017,10864,"Kenttamaa, Hilkka I.",,,,,,,,,,,,,,,,,,,,100.0%,,,,
,,,,,,024,10871,"Dai, Mingji",,,,,,,,,,,,,,,,,,,,100.0%,,,,
,,,,,,025,10872,"Uyeda, Christopher H.",,,,,,,,,,,,,,,,,,,,100.0%,,,,
,,,,,,054,19028,"Laskin, Julia",,,,,,,,,,,,,,,,,,,,100.0%,,,,
CHNS,CHNS-Chinese,10100,Chinese Level I,202230,Summer 2022,001,29656,"Hou, Siyan",18.8%,12.5%,43.8%,6.3%,,,,,,,,,,,6.3%,,,,,,,,12.5%,
CLCS,CLCS-Classics,18100,Classical Wrld Civiliz,202230,Summer 2022,001,31737,"Rauh, Nicholas K.",57.9%,10.5%,26.3%,,,5.3%,,,,,,,,,,,,,,,,,,
,,23500,Intr To Classical Myth,202230,Summer 2022,001,11360,"Dickson, Keith M.",19.4%,12.9%,,,22.6%,16.1%,6.5%,3.2%,,3.2%,,,6.5%,,6.5%,,,,,,,,3.2%,
CNIT,CNIT-Computer & Info Tech,10500,Intro To C Program,202230,Summer 2022,001,29561,"Salem, Tawfiq M.",11.1%,11.1%,5.6%,,33.3%,22.2%,5.6%,,,,,,,,,,,,,,,,11.1%,
,,13600,PC Tech & Applications,202230,Summer 2022,001,19443,"Laux, Dawn D.",39.5%,9.3%,,,7.0%,,11.6%,2.3%,2.3%,11.6%,,,,,2.3%,,,,,,,,14.0%,
,,17500,Visual Programming,202230,Summer 2022,001,24253,"Esmaeili, Ahmad",18.2%,27.3%,9.1%,,,,9.1%,,,,,,,,9.1%,,,,,,,,27.3%,
,,17600,Info Tech Architecture,202230,Summer 2022,001,29529,"Hands, Nicole M.",63.0%,,,,22.2%,,,3.7%,,,3.7%,,,,3.7%,,,,,,,,3.7%,
,,18000,Intro To Systems Devel,202230,Summer 2022,004,29550,"Josekutty Thomas, Paul",55.8%,,,,18.6%,,,11.6%,,,2.3%,,,,9.3%,,,,,,,,2.3%,
,,24200,System Administration,202230,Summer 2022,001,29541,"Rawles, Phillip T.",24.3%,2.7%,,,27.0%,13.5%,2.7%,5.4%,,2.7%,,,,,18.9%,,,,,,,,2.7%,
,,,System Administration-Honors,202230,Summer 2022,001,29541,"Rawles, Phillip T.",,100.0%,,,,,,,,,,,,,,,,,,,,,,
,,48000,Manag Info Tech Projct,202230,Summer 2022,001,13474,"Dittman, Kevin C.",26.1%,,,,47.8%,,,13.0%,,,4.3%,,,,,,,,,,,,8.7%,
,,,,,,002,14384,"Brewer, Jeffrey L.",12.0%,8.0%,,,36.0%,12.0%,12.0%,4.0%,,,4.0%,,,,8.0%,,,,,,,,4.0%,
,,58100,Large Event Mgmt & Plan HLS,202230,Summer 2022,004,33187,"Dietz, James E.",100.0%,,,,,,,,,,,,,,,,,,,,,,,
COM,COM-Communication,10200,Intro To Com Theory,202230,Summer 2022,002,22505,"Sypher, Howard E.",18.8%,12.5%,3.1%,,25.0%,3.1%,9.4%,3.1%,9.4%,6.3%,3.1%,,,,6.3%,,,,,,,,,
,,11400,Fundament Of Speech,202230,Summer 2022,102,22471,"Gerald, Maggie L.",41.7%,25.0%,,,16.7%,,8.3%,,,,,,,,,,,,,,,,8.3%,
,,,,,,308,10368,"Glidden, Austin T.",12.5%,12.5%,,,31.3%,,25.0%,6.3%,,,,,,,6.3%,,,,,,,,6.3%,
,,,,,,309,11188,"Kamal, Daniel",30.0%,15.0%,,,10.0%,15.0%,20.0%,10.0%,,,,,,,,,,,,,,,,
,,,,,,310,11189,"Lee, Tashina A.",68.4%,5.3%,,,5.3%,,5.3%,5.3%,,5.3%,,,,,,,,,,,,,5.3%,
,,,,,,312,25726,"Salazar, Hannah N.",66.7%,4.2%,,,12.5%,,,8.3%,,8.3%,,,,,,,,,,,,,,
,,,,,,313,25727,"Johnson, Joshua",41.7%,20.8%,,,16.7%,,12.5%,4.2%,,4.2%,,,,,,,,,,,,,,
,,,,,,315,25729,"Pedley, Storie P.",52.2%,4.3%,,,21.7%,,17.4%,,,,,4.3%,,,,,,,,,,,,
,,,,,,317,27533,"Lee, Tashina A.",50.0%,16.7%,,,5.6%,5.6%,5.6%,,5.6%,,,,5.6%,,5.6%,,,,,,,,,
,,,,,,318,27534,"Ramsey, Jessica N.",33.3%,27.8%,,,22.2%,,5.6%,,,5.6%,,5.6%,,,,,,,,,,,,
,,,,,,319,27535,"Miller, Leah M.",40.0%,10.0%,,,15.0%,,20.0%,5.0%,,,,,,,10.0%,,,,,,,,,
,,,,,,320,27536,"Mccool, Thomas L.",22.2%,33.3%,5.6%,,16.7%,5.6%,5.6%,5.6%,,,,,,,,,,,,,,,5.6%,
,,,,,,322,28436,"Stewart, Stephen R.",63.6%,4.5%,4.5%,,18.2%,,,4.5%,,,4.5%,,,,,,,,,,,,,
,,,,,,325,13917,"Watley, Kimberly J.",21.7%,26.1%,,,26.1%,8.7%,8.7%,,4.3%,,,,,,4.3%,,,,,,,,,
,,,,,,326,13918,"Wagner, Amy B.",79.2%,4.2%,,,4.2%,4.2%,8.3%,,,,,,,,,,,,,,,,,
,,,,,,349,28718,"Evans, Connor K.",50.0%,20.8%,16.7%,,4.2%,4.2%,,,,4.2%,,,,,,,,,,,,,,
,,,,,,353,28939,"Quaresma Ragone, Elisa",85.0%,,,,,,,,,,,,,,15.0%,,,,,,,,,
,,,,,,354,28940,"Pendleton, Cassandra E.",44.4%,5.6%,,,33.3%,5.6%,5.6%,,,5.6%,,,,,,,,,,,,,,
,,,,,,355,28941,"Schenk, Jayna M.",11.8%,17.6%,29.4%,,,5.9%,5.9%,5.9%,,,,,,,11.8%,,,,,,,,11.8%,
,,,,,,356,28942,"Rosales-Burdin, Gloribel",35.3%,5.9%,17.6%,,5.9%,,5.9%,5.9%,,5.9%,,,5.9%,,,,,,,,,,11.8%,
,,,,,,357,28943,"Meier, Savannah J.",27.8%,16.7%,,,11.1%,11.1%,11.1%,,,5.6%,,,,,16.7%,,,,,,,,,
,,,,,,358,28944,"Taylor, Breyden E.",6.3%,12.5%,,,31.3%,12.5%,31.3%,6.3%,,,,,,,,,,,,,,,,
,,,,,,359,28945,"Favaloro, Shelby C.",15.8%,15.8%,,,21.1%,10.5%,5.3%,5.3%,,10.5%,5.3%,,,,5.3%,,,,,,,,5.3%,
,,,,,,360,28946,"Martz, Jonathan H.",62.5%,18.8%,,,12.5%,,,,,,,,,,6.3%,,,,,,,,,
,,,,,,362,29059,"Natt, Jane G.",63.2%,,,,15.8%,,,10.5%,,,,,,,,,,,,,,,10.5%,
,,,,,,363,32308,"Kamal, Daniel",10.0%,45.0%,,,25.0%,,20.0%,,,,,,,,,,,,,,,,,
,,,,,,364,32309,"Leath-Lacy, Nicholas B.",78.9%,,,,10.5%,,5.3%,,,,,,,,5.3%,,,,,,,,,
,,,,,,365,32310,"Salazar, Hannah N.",31.6%,15.8%,,,10.5%,15.8%,,,5.3%,,5.3%,,,,5.3%,,,,,,,,10.5%,
,,,,,,366,32578,"Evans, Elizabeth A.",25.0%,10.0%,,,15.0%,,15.0%,5.0%,5.0%,5.0%,,,5.0%,,10.0%,,,,,,,,5.0%,
,,,,,,367,32579,"Evans, Elizabeth A.",31.6%,21.1%,,,10.5%,,21.1%,5.3%,,,,,5.3%,,,,,,,,,,5.3%,
,,,,,,BOP,31171,"Isaacs, Zachary",,8.3%,,,66.7%,,8.3%,,,,,8.3%,,,,,,,,,,,8.3%,
,,,Fundament Of Speech-Honors,202230,Summer 2022,H01,29643,"Stocker, Jessica L.",76.9%,,15.4%,,,,,,,,,,,,,,,7.7%,,,,,,
,,20400,Crit Perspectives Com,202230,Summer 2022,302,10415,"Johnson, Nathanael S.",13.3%,,,,40.0%,13.3%,6.7%,,13.3%,13.3%,,,,,,,,,,,,,,
,,,,,,303,28953,"Feder, Lillian B.",10.0%,,,,5.0%,15.0%,5.0%,30.0%,15.0%,,10.0%,5.0%,5.0%,,,,,,,,,,,
,,21200,Appr Stdy Interp Commn,202230,Summer 2022,001,21937,"Barber, Hayden C.",18.8%,6.3%,6.3%,,12.5%,6.3%,25.0%,,6.3%,6.3%,,,,,6.3%,,,,,,,,6.3%,
,,21700,Science Writing & Presentation,202230,Summer 2022,308,11065,"Creech, Brett A.",95.0%,,,,5.0%,,,,,,,,,,,,,,,,,,,
,,,,,,309,11070,"Young, Erica A.",55.0%,,,,35.0%,,,10.0%,,,,,,,,,,,,,,,,
,,,,,,310,13590,"Young, Erica A.",52.6%,,,,26.3%,,,10.5%,,,5.3%,,,,5.3%,,,,,,,,,
,,,,,,311,13701,"Lee, Daeun",55.0%,5.0%,30.0%,,5.0%,,,,,,,,5.0%,,,,,,,,,,,
,,,,,,312,29062,"O'Shea, Kevin J.",63.2%,21.1%,,,,5.3%,10.5%,,,,,,,,,,,,,,,,,
,,,,,,313,29063,"Brooks, Katelyn E.",70.0%,,,,10.0%,,20.0%,,,,,,,,,,,,,,,,,
,,,,,,314,29064,"Latoz, Traci L.",55.6%,,,,11.1%,,,11.1%,,,5.6%,,,,5.6%,,,,,,,,11.1%,
,,,,,,315,29065,"Adu Gyamfi, Prince",94.7%,,,,,,,,,,,,,,5.3%,,,,,,,,,
,,,,,,316,30112,"Maschinot, Alexus D.",31.6%,31.6%,,,10.5%,5.3%,15.8%,,,,,,,,,,,,,,,,5.3%,
,,,,,,320,31136,"Seals, John M.",80.0%,,,,15.0%,,,,,,5.0%,,,,,,,,,,,,,
,,,,,,321,31176,"Wright, Jon D.",56.3%,,,,37.5%,,,6.3%,,,,,,,,,,,,,,,,
,,,,,,322,31178,"Deyoe, Diana L.",82.4%,,,,5.9%,,,5.9%,,,,,,,5.9%,,,,,,,,,
,,,,,,324,32273,"Boersma, Cari A.",26.3%,47.4%,,,,10.5%,5.3%,,,,,,,,,,,,,,,,10.5%,
,,,,,,325,32274,"Hall, Brian D.",52.9%,35.3%,,,,5.9%,5.9%,,,,,,,,,,,,,,,,,
,,,,,,326,32275,"Hall, Brian D.",33.3%,33.3%,,,11.1%,11.1%,5.6%,5.6%,,,,,,,,,,,,,,,,
,,,,,,327,32276,"Obradovich, Alyssa",45.0%,5.0%,25.0%,,,,5.0%,5.0%,,,,,,,15.0%,,,,,,,,,
,,,,,,328,32277,"Boersma, Cari A.",55.6%,16.7%,,,5.6%,,5.6%,,5.6%,5.6%,,,5.6%,,,,,,,,,,,
,,,,,,329,32535,"Kaufman, Sara V.",11.1%,22.2%,,,22.2%,,27.8%,,,,,,5.6%,,5.6%,,,,,,,,5.6%,
,,,,,,330,32580,"Green, Kara",27.8%,22.2%,,,11.1%,5.6%,5.6%,,,11.1%,,,,,11.1%,,,,,,,,5.6%,
,,,,,,331,32911,"Bowling, Roy N.",33.3%,40.0%,,,6.7%,6.7%,6.7%,,,6.7%,,,,,,,,,,,,,,
,,22400,Com Global Workplace,202230,Summer 2022,010,31181,"Lee, Seungyoon",8.3%,25.0%,8.3%,,16.7%,,25.0%,,,16.7%,,,,,,,,,,,,,,
,,25000,Mass Commun & Society,202230,Summer 2022,003,14327,"Smith, Courteney L.",18.2%,27.3%,18.2%,,18.2%,,9.1%,,9.1%,,,,,,,,,,,,,,,
,,25100,"Comm, Info, And Society",202230,Summer 2022,001,29067,"Taylor, Elise P.",80.0%,,,,5.0%,,,10.0%,,,,,,,5.0%,,,,,,,,,
,,,,,,002,32262,"Jackson, Diane L.",11.1%,44.4%,,,5.6%,5.6%,11.1%,5.6%,,,,,,,,,,,,,,,16.7%,
,,25300,Intro To Public Rels,202230,Summer 2022,001,11105,"Zulli, Diana G.",31.6%,31.6%,,,5.3%,5.3%,21.1%,,,,,,,,,,,,,,,,5.3%,
,,25600,Intro To Advertising,202230,Summer 2022,001,25704,"Ju, Ilwoo",15.8%,26.3%,10.5%,,,10.5%,15.8%,,5.3%,5.3%,,10.5%,,,,,,,,,,,,
,,30300,Intercultural Communic,202230,Summer 2022,001,29069,"Labadorf, Elizabeth A.",20.0%,13.3%,,,40.0%,6.7%,6.7%,,6.7%,6.7%,,,,,,,,,,,,,,
,,30400,Quant Methods Com Res,202230,Summer 2022,101,11361,"Sparks, Glenn G.",33.3%,,,,16.7%,12.5%,4.2%,33.3%,,,,,,,,,,,,,,,,
,,31800,Prin Of Persuasion,202230,Summer 2022,202,28955,"Reimer, Torsten O.",50.0%,18.2%,18.2%,,4.5%,,4.5%,,,,,,,,,,,,,,,,4.5%,
,,,,,,203,28956,"Song, Hwanseok",12.0%,4.0%,32.0%,,16.0%,4.0%,20.0%,,4.0%,4.0%,,,,,4.0%,,,,,,,,,
,,,,,,204,32279,"Oh, Jeonghyun",30.4%,17.4%,13.0%,,17.4%,,4.3%,4.3%,,4.3%,,,,,4.3%,,,,,,,,4.3%,
,,32000,Small Group Communication,202230,Summer 2022,001,29072,"Shah, Ajay A.",12.0%,16.0%,4.0%,,16.0%,16.0%,24.0%,4.0%,,,,,,,4.0%,,,,,,,,4.0%,
,,,,,,002,29073,"Kamal, Daniel",40.0%,40.0%,,,,,8.0%,8.0%,,,,,,,4.0%,,,,,,,,,
,,32400,Intro To Organzal Com,202230,Summer 2022,001,29074,"Gerdes, Kayla J.",40.0%,10.0%,5.0%,,10.0%,,15.0%,5.0%,5.0%,5.0%,,,,,,,,,,,,,5.0%,
,,32500,Interview Princ Prac,202230,Summer 2022,001,29075,"Reynolds, Gina S.",59.1%,,,,36.4%,,,,,,4.5%,,,,,,,,,,,,,
,,,,,,002,32280,"Levine, Naomi T.",95.8%,,,,4.2%,,,,,,,,,,,,,,,,,,,
,,49505,Sports Communication,202230,Summer 2022,001,29914,"Boyd, Joshua E.",58.3%,,,,8.3%,,8.3%,8.3%,,,,,8.3%,,8.3%,,,,,,,,,
,,49700,Intro To Screenwriting,202230,Summer 2022,001,11064,"Deaztlan, Tonantzin",45.5%,,27.3%,,9.1%,,9.1%,9.1%,,,,,,,,,,,,,,,,
CS,CS-Computer Sciences,15900,C Programming,202230,Summer 2022,LE1,28820,"Crum, William N.",17.2%,10.3%,6.9%,,27.6%,6.9%,3.4%,17.2%,,,3.4%,,,,,,,3.4%,,,,,3.4%,
,,,,,,Y01,13247,"Liu, Xiaojin",23.1%,,2.6%,,20.5%,,5.1%,33.3%,,2.6%,5.1%,,,,5.1%,2.6%,,,,,,,,
,,,,,,Y02,31656,"Crum, William N.",35.0%,5.0%,2.5%,,17.5%,2.5%,2.5%,20.0%,,5.0%,7.5%,,,,2.5%,,,,,,,,,
,,,,,,Y03,31675,"Crowe, Marta A.",22.5%,,7.5%,,35.0%,2.5%,2.5%,12.5%,2.5%,,5.0%,,,,5.0%,,,,,,,,5.0%,
,,,,,,Y04,32901,"Liu, Xiaojin",10.3%,,,,30.8%,2.6%,,35.9%,5.1%,5.1%,7.7%,,,,2.6%,,,,,,,,,
,,17700,Progrmng With MM Objs,202230,Summer 2022,LE1,28876,"Tahboub, Ruby Y.",7.7%,38.5%,15.4%,,7.7%,7.7%,7.7%,7.7%,,,,,,,7.7%,,,,,,,,,
,,,,,,Y01,31310,"Tahboub, Ruby Y.",27.5%,12.5%,2.5%,,10.0%,10.0%,10.0%,2.5%,2.5%,2.5%,,2.5%,5.0%,,7.5%,,,,,,,,5.0%,
,,18000,Prob Solving & O-O Programming,202230,Summer 2022,LE1,31021,"Dunsmore, Hubert E.",36.2%,4.3%,1.4%,,18.8%,5.8%,4.3%,10.1%,,4.3%,1.4%,,,,10.1%,,,,,,,,2.9%,
,,18200,Foundations Of Comp Sc,202230,Summer 2022,LE1,28883,"Bejarano Posada, Andres M.",17.9%,10.7%,1.8%,,8.9%,3.6%,17.9%,10.7%,,12.5%,3.6%,,,,10.7%,,,,,,,,1.8%,
,,18300,Professional Practice I,202230,Summer 2022,PP1,15722,"Obrien, Lori J.",,,,,,,,,,,,,,,,,,,,84.6%,15.4%,,,
,,18400,Professional Practice II,202230,Summer 2022,PP2,15723,"Obrien, Lori J.",,,,,,,,,,,,,,,,,,,,82.4%,17.6%,,,
,,23500,Intro Organizatnl Comp,202230,Summer 2022,Y01,31031,"Crowe, Marta A.",50.0%,,12.5%,,16.7%,,,,,4.2%,,,,,4.2%,,,,,,,,12.5%,
,,24000,Programming In C,202230,Summer 2022,LE1,24240,"Park, Kihong",17.6%,9.8%,15.7%,,9.8%,,7.8%,7.8%,5.9%,9.8%,3.9%,5.9%,3.9%,,,,,,,,,,2.0%,
,,25000,Computer Architecture,202230,Summer 2022,LE1,24243,"Rodriguez-Rivera, Gustavo",17.9%,28.6%,10.7%,,10.7%,14.3%,3.6%,,,,,,,,14.3%,,,,,,,,,
,,25100,Data Structures And Algorithms,202230,Summer 2022,LE1,28888,"Bejarano Posada, Andres M.",24.1%,5.6%,1.9%,5.6%,13.0%,5.6%,13.0%,7.4%,,3.7%,5.6%,,,,13.0%,,,,,,,,1.9%,
,,25200,Systems Programming,202230,Summer 2022,LE1,25752,"Rodriguez-Rivera, Gustavo",21.3%,19.1%,14.9%,2.1%,17.0%,8.5%,8.5%,2.1%,,2.1%,4.3%,,,,,,,,,,,,,
,,50023,Data Engineering I,202230,Summer 2022,DE1,28815,"Benotman, Hisham R.",16.7%,8.3%,54.2%,8.3%,,,,,,4.2%,,,,,,,,,,,,,8.3%,
,,50024,Data Engineering II,202230,Summer 2022,DE2,28816,"Benotman, Hisham R.",11.8%,5.9%,47.1%,5.9%,,,5.9%,,,5.9%,,,,,,,,,,,,,17.6%,
,,59799,Graduate Professional Practice,202230,Summer 2022,011,13657,"Delaware, Benjamin J.",,,,,,,,,,,,,,,,,,,,100.0%,,,,
,,69900,Research PhD Thesis,202230,Summer 2022,005,10703,"Zhang, Xiangyu",,,,,,,,,,,,,,,,,,,,93.3%,,,6.7%,
CSR,CSR-Consumer Science,10300,Intro To Personal Finance,202230,Summer 2022,001,10914,"Runyan, Rodney C.",3.4%,17.2%,10.3%,,6.9%,13.8%,24.1%,6.9%,,3.4%,6.9%,,,,,,,3.4%,,,,,3.4%,
,,,,,,002,10986,"Evans, David A.",57.1%,,,,19.0%,,,19.0%,,,,,,,2.4%,,,,,,,,2.4%,
,,,,,,003,31241,"Evans, David A.",70.3%,,,,8.1%,,,13.5%,,,5.4%,,,,2.7%,,,,,,,,,
,,30000,Field Exp In Ret Mgmt,202230,Summer 2022,001,11448,"Zhang, Tongxiao",88.9%,,,,,,,5.6%,,,,,,,,5.6%,,,,,,,,
,,30700,Field Exp In SSM,202230,Summer 2022,001,11450,"Zhang, Tongxiao",85.7%,,,,2.4%,,,1.2%,,,,,,,4.8%,4.8%,,,,,,,1.2%,
,,31500,Relationship Selling,202230,Summer 2022,001,11061,"Dale, Anita K.",27.3%,,,,36.4%,9.1%,,9.1%,,,,,,,9.1%,,,,,,,,9.1%,
,,33100,Consumer Behavior,202230,Summer 2022,001,22291,"Lawry, Charles A.",25.0%,18.8%,,,37.5%,6.3%,6.3%,,,,,,,,6.3%,,,,,,,,,
,,34200,Personal Finance,202230,Summer 2022,001,14357,"Evans, David A.",87.3%,,,,9.5%,,,3.2%,,,,,,,,,,,,,,,,
,,,,,,002,31407,"Heo, Wookjae",8.1%,,83.8%,,1.4%,,1.4%,,,1.4%,,,,,2.7%,,,,,,,,1.4%,
,,34400,Fundamentals Of Negotiations,202230,Summer 2022,001,29747,"Chan, Eugene Y.",,5.6%,,,33.3%,11.1%,16.7%,,5.6%,27.8%,,,,,,,,,,,,,,
,,48000,FCP Internship,202230,Summer 2022,001,11462,"Evans, David A.",89.3%,,,,,,,,,,,,,,,,,,,,,,10.7%,
EAPS,EAPS-Earth Atmos Planetary Sci,10000,Planet Earth,202230,Summer 2022,Y01,20804,"Ickert, Ryan B.",30.8%,16.7%,29.5%,,5.1%,1.3%,11.5%,,1.3%,,,,2.6%,,,,,,,,,,1.3%,
,,10400,Oceanography,202230,Summer 2022,001,12983,"Nelson, Jennifer A.",30.8%,3.8%,38.5%,,7.7%,,3.8%,7.7%,,,3.8%,,,,3.8%,,,,,,,,,
,,10500,The Planets,202230,Summer 2022,002,29200,"Freed, Andrew M.",37.3%,12.7%,32.1%,,6.0%,1.5%,6.0%,0.7%,,1.5%,,,,,,,,,,,,,2.2%,
,,,,,,003,29950,"Freed, Andrew M.",16.0%,8.0%,44.0%,,12.0%,,8.0%,4.0%,,,,,,,8.0%,,,,,,,,,
,,10600,Geosciences Cinema,202230,Summer 2022,002,29201,"Freed, Andrew M.",29.3%,2.7%,58.5%,,2.7%,0.7%,3.4%,0.7%,,1.4%,,,,,,,,,,,,,0.7%,
,,,Geosciences Cinema-Honors,202230,Summer 2022,002,29201,"Freed, Andrew M.",,,100.0%,,,,,,,,,,,,,,,,,,,,,
,,11100,Physical Geology,202230,Summer 2022,001,11473,"Nelson, Jennifer A.",48.6%,2.9%,17.1%,,5.7%,,11.4%,,,5.7%,,,,,5.7%,,,,,,,,2.9%,
,,11600,Earthquakes Volcanoes,202230,Summer 2022,001,14270,"Haq, Saad S.",38.5%,7.7%,23.1%,,15.4%,7.7%,3.8%,,,3.8%,,,,,,,,,,,,,,
,,12000,Intro To Geography,202230,Summer 2022,002,11084,"Zhuang, Qianlai",5.9%,17.6%,70.6%,,,,,,,2.9%,,,,,2.9%,,,,,,,,,
,,32700,"Climate, Science & Society",202230,Summer 2022,001,29212,"Orton, Andrea E.",2.0%,,86.3%,,2.0%,,2.0%,,,,,,,,2.0%,,,,,,,,5.9%,
,,37500,"Fossil Fuels, Energy & Society",202230,Summer 2022,002,29228,"Ballotti, Dean M.",67.5%,5.0%,,,7.5%,,5.0%,5.0%,,5.0%,,,,,5.0%,,,,,,,,,
,,,,,,003,29230,"Ballotti, Dean M.",94.5%,3.6%,,,,,1.8%,,,,,,,,,,,,,,,,,
ECE,ECE-Electrical & Computer Engr,20001,Electrical Engr Fundamentals I,202230,Summer 2022,001,12294,"Saha, Tridib K.",12.5%,,5.5%,,7.8%,,4.7%,14.8%,,25.0%,3.9%,,10.9%,,9.4%,,,,,,,,5.5%,
,,20002,Elect Engr Fundamental II,202230,Summer 2022,002,12559,"Hayashi, Michael R.",10.7%,9.1%,7.4%,,14.0%,9.1%,14.0%,9.9%,3.3%,9.1%,4.1%,0.8%,,,5.8%,,,,,,,,2.5%,
,,20007,Elec Engr Fundamentals I Lab,202230,Summer 2022,001,12380,"Manning, Benjamin T.",12.8%,8.5%,23.4%,,6.4%,12.8%,2.1%,,,4.3%,,2.1%,2.1%,,10.6%,,,,,,,,14.9%,
,,20008,Elec Engr Fundamentals II Lab,202230,Summer 2022,001,29046,"Beasley, Ryan M.",28.6%,,,,7.1%,,14.3%,7.1%,,7.1%,,,7.1%,,14.3%,,,,,,,,14.3%,
,,20875,Python For Data Science,202230,Summer 2022,WNG,14476,"Cruz, Laura M.",17.5%,14.0%,17.5%,1.8%,10.5%,10.5%,15.8%,1.8%,1.8%,5.3%,1.8%,,1.8%,,,,,,,,,,,
,,26400,Advanced C Programming,202230,Summer 2022,WNG,14473,"Burnett, David J.",30.0%,2.5%,10.0%,,5.0%,1.3%,8.8%,8.8%,1.3%,5.0%,3.8%,3.8%,3.8%,,13.8%,,,,,,,,1.3%,1.3%
,,27000,Intro Digitl Sys Desgn,202230,Summer 2022,001,32047,"Walter, Phillip B.",12.0%,16.0%,8.0%,,8.0%,8.0%,4.0%,10.0%,,6.0%,8.0%,2.0%,2.0%,,10.0%,,,,,,,,4.0%,2.0%
,,29299,Prof Practice Extensive II,202230,Summer 2022,001,19422,"Seadeek, Jamie L.",,,,,,,,,,,,,,,,,,,,100.0%,,,,
,,30100,Signals And Systems,202230,Summer 2022,WNG,14474,"He, Jiangpeng",8.9%,12.2%,8.9%,,21.1%,8.9%,11.1%,3.3%,4.4%,6.7%,8.9%,,,,3.3%,,,,,,,,2.2%,
,,30200,Probabilistic Methods,202230,Summer 2022,WN1,14503,"Fitzgerald, Bradley J.",9.3%,12.0%,2.7%,,17.3%,12.0%,10.7%,9.3%,4.0%,8.0%,4.0%,2.7%,2.7%,,4.0%,,,,,,,,1.3%,
,,30411,Electromagnetics I,202230,Summer 2022,001,15409,"Melloch, Michael R.",23.8%,,14.3%,,14.3%,,4.8%,14.3%,4.8%,9.5%,4.8%,,,,,,,,,,,,9.5%,
,,32100,Electromech Motion Dev,202230,Summer 2022,001,32151,"Al-Othman, Maryam A.",50.0%,,,,35.7%,,,14.3%,,,,,,,,,,,,,,,,
,,36800,Data Structures,202230,Summer 2022,WNG,14479,"Sundararajah, Kirshanthan",57.4%,4.4%,,,2.9%,5.9%,5.9%,2.9%,2.9%,,1.5%,,,,7.4%,,,1.5%,,,,,7.4%,
,,38299,Prof Practice Co-Op II,202230,Summer 2022,001,19426,"Seadeek, Jamie L.",,,,,,,,,,,,,,,,,,,,100.0%,,,,
,,47000,Curriculr Pract Train,202230,Summer 2022,001,11512,"Seadeek, Jamie L.",,,,,,,,,,,,,,,,,,,,97.9%,2.1%,,,
,,50631,Fundamentals Of Current Flow,202230,Summer 2022,OL3,32220,"Datta, Supriyo",68.4%,,,,15.8%,,,5.3%,,,,,,,,,,,,,,,10.5%,
,,50632,Intro To Quantum Transport,202230,Summer 2022,OL4,32219,"Datta, Supriyo",75.0%,,,,6.3%,,,6.3%,,,6.3%,,,,,,,,,,,,6.3%,
,,50633,Boltzmann Law,202230,Summer 2022,OL2,32218,"Datta, Supriyo",9.1%,,63.6%,,,,9.1%,,,,9.1%,,,,9.1%,,,,,,,,,
,,69300,Adv Intern Project,202230,Summer 2022,163,32268,"Raghunathan, Anand",100.0%,,,,,,,,,,,,,,,,,,,,,,,
,,69900,Research PhD Thesis,202230,Summer 2022,101,23564,"Roy, Kaushik",,,,,,,,,,,,,,,,,,,,100.0%,,,,
,,,,,,104,23613,"Sen, Shreyas",,,,,,,,,,,,,,,,,,,,100.0%,,,,
ECET,ECET-Electrical&Comp Engr Tech,30201,Intro To Industrial Controls,202230,Summer 2022,002,10730,"Richardson, Jeffrey J.",45.5%,9.1%,,,,,18.2%,18.2%,,,,,,,,,,,,,,,9.1%,
,,35901,Computer Data Acquisition Appl,202230,Summer 2022,003,29707,"Huston, Davin H.",75.0%,,,,,,,,,,,,,,8.3%,,,,,,,,16.7%,
ECON,ECON-Economics,21000,Prin Of Economics,202230,Summer 2022,010,32428,"Van Kammen, Benjamin J.",18.8%,7.8%,,,28.1%,6.3%,1.6%,10.9%,,1.6%,4.7%,,,,10.9%,,,,,,,,9.4%,
,,,,,,012,32475,"Van Kammen, Benjamin J.",15.2%,15.2%,,,37.0%,4.3%,13.0%,2.2%,,,4.3%,,,,4.3%,,,,,,,,4.3%,
,,25100,Microeconomics,202230,Summer 2022,Y01,10925,"Blanchard, Kelly H.",34.9%,16.3%,5.8%,,12.8%,2.3%,14.0%,5.8%,1.2%,2.3%,1.2%,,,,,,,,,,,,3.5%,
,,,,,,Y02,10926,"Blanchard, Kelly H.",19.5%,12.6%,3.4%,,23.0%,4.6%,17.2%,8.0%,,3.4%,2.3%,,,,1.1%,1.1%,,,,,,,3.4%,
,,,,,,Y03,12245,"Blanchard, Kelly H.",19.2%,17.2%,3.0%,,13.1%,6.1%,14.1%,4.0%,3.0%,7.1%,2.0%,,5.1%,1.0%,3.0%,,,,,,,,2.0%,
,,,,,,Y04,10681,"Blanchard, Kelly H.",14.0%,15.1%,3.2%,,17.2%,4.3%,17.2%,4.3%,7.5%,5.4%,5.4%,,,1.1%,2.2%,,,,,,,,3.2%,
,,25200,Macroeconomics,202230,Summer 2022,Y01,25718,"Vargas, Andres J.",14.6%,9.8%,3.7%,,23.2%,8.5%,8.5%,9.8%,4.9%,6.1%,3.7%,,1.2%,,1.2%,,1.2%,,,,,,3.7%,
,,,,,,Y02,12691,"Marchal, Alexander J.",16.9%,8.5%,,,15.5%,2.8%,8.5%,18.3%,1.4%,7.0%,14.1%,1.4%,1.4%,,,,,,,,,,4.2%,
,,,,,,Y03,14436,"Vargas, Andres J.",11.5%,9.8%,1.6%,,21.3%,3.3%,8.2%,9.8%,3.3%,11.5%,3.3%,,3.3%,,4.9%,,,,,,,,8.2%,
,,34000,Intrm Microecon Thry,202230,Summer 2022,Y01,10932,"Van Kammen, Benjamin J.",35.7%,7.1%,,,10.7%,3.6%,17.9%,3.6%,,,,3.6%,3.6%,,3.6%,,,,,,,,10.7%,
,,35200,Intermed Macroecon,202230,Summer 2022,Y01,10934,"Gallen, Trevor S.",34.2%,7.9%,,,21.1%,13.2%,7.9%,2.6%,2.6%,,,,,,,,,,,,,,10.5%,
,,36000,Econometrics,202230,Summer 2022,001,31128,"Kebede, Daniel G.",12.5%,25.0%,,,25.0%,,12.5%,,,6.3%,,,,,,6.3%,,,,,,,12.5%,
,,36200,Health Economics,202230,Summer 2022,Y01,12664,"Moore, Timothy J.",17.2%,17.2%,,,13.8%,3.4%,20.7%,6.9%,,3.4%,,,3.4%,,6.9%,,,,,,,,6.9%,
,,36700,Law And Economics,202230,Summer 2022,Y01,10937,"Fisher, Clifford D.",19.0%,,,,38.1%,4.8%,4.8%,9.5%,,4.8%,14.3%,,,,,,,,,,,,4.8%,
,,38500,Labor Economics,202230,Summer 2022,Y01,29227,"Sarzosa, Miguel A.",,6.9%,6.9%,,10.3%,3.4%,10.3%,10.3%,6.9%,6.9%,6.9%,,3.4%,,10.3%,,,,,,,,17.2%,
,,45100,Game Theory,202230,Summer 2022,Y01,14427,"Brindley, Jacob A.",17.8%,11.1%,22.2%,2.2%,17.8%,4.4%,4.4%,,,6.7%,4.4%,,2.2%,,6.7%,,,,,,,,,
,,57300,Financial Econometrics,202230,Summer 2022,001,31746,"Bao, Yong",19.0%,38.1%,11.9%,,7.1%,2.4%,19.0%,,,2.4%,,,,,,,,,,,,,,
EDCI,EDCI-Educ-Curric & Instruction,21510,Lang & Lit Foundations,202230,Summer 2022,001,31230,"Boes, Nancy A.",7.1%,28.6%,7.1%,,7.1%,7.1%,14.3%,7.1%,7.1%,7.1%,,,,,,,,,,,,,7.1%,
,,27000,Intro Ed Tech,202230,Summer 2022,001,25640,"Zhang, Zhuo",57.9%,15.8%,,,15.8%,5.3%,,,,,,,,,5.3%,,,,,,,,,
,,61500,Qual Res Meth In Educ,202230,Summer 2022,001,11704,"Dolby, Nadine E.",64.3%,7.1%,28.6%,,,,,,,,,,,,,,,,,,,,,
,,,,,,002,31150,"Zywicki, Stephanie M.",100.0%,,,,,,,,,,,,,,,,,,,,,,,
,,62100,Tech For Qual Research,202230,Summer 2022,001,12863,"Wright, Wayne E.",4.8%,,95.2%,,,,,,,,,,,,,,,,,,,,,
EDPS,EDPS-Educ-Ed'l and Psy Studies,10101,Intro To Learning Sciences,202230,Summer 2022,002,29813,"Gipson, John A.",85.7%,4.8%,,,,,,4.8%,,,,,,,4.8%,,,,,,,,,
,,21100,Law Policy Ethical Guidelines,202230,Summer 2022,003,32427,"Whitford, Denise K.",55.0%,25.0%,,,,,15.0%,,,,,,,,,,,,,,,,5.0%,
,,31500,Collab Leader: Interpersonal,202230,Summer 2022,001,10340,"May, Katharine A.",18.2%,4.5%,77.3%,,,,,,,,,,,,,,,,,,,,,
,,,,,,005,28897,"Bowen, Jessica R.",8.0%,24.0%,40.0%,,,,4.0%,,4.0%,,,,,,8.0%,,,4.0%,,,,,8.0%,
,,,,,,006,30195,"Hoxsey, Abigail M.",21.7%,13.0%,56.5%,,,4.3%,,,,4.3%,,,,,,,,,,,,,,
,,,,,,008,30381,"Casebeer, Elizabeth C.",75.0%,8.3%,,,4.2%,,8.3%,,,,,,,,,,,,,,,,4.2%,
,,,,,,009,32414,"Contreras, Stephanie A.",40.0%,10.0%,20.0%,,,,15.0%,,,,,,,,5.0%,,,,,,,,10.0%,
,,36201,Positive Behavioral Supports,202230,Summer 2022,001,31216,"Smith, Jennifer E.",27.3%,4.5%,50.0%,,,9.1%,4.5%,,,,,,,,4.5%,,,,,,,,,
,,53100,Introduction To Measurement,202230,Summer 2022,001,28848,"Traynor, Anne",6.7%,6.7%,53.3%,,6.7%,,6.7%,6.7%,,,,,,,6.7%,,,,,,,,6.7%,
,,55600,Quantitative Data Analysis I,202230,Summer 2022,002,27254,"Gipson, John A.",57.1%,35.7%,,,,,,,,,,,,,,,,,,,,,7.1%,
,,,,,,005,14467,"Gipson, John A.",60.0%,33.3%,,,,,6.7%,,,,,,,,,,,,,,,,,
,,60700,Mixed Methods Res Designs &App,202230,Summer 2022,002,31213,"Olenchak, F R.",35.7%,7.1%,39.3%,,,,,,,,,,,,,17.9%,,,,,,,,
EDST,EDST-Ed Leadrship&Cultrl Fnd,20010,Educational Policies And Laws,202230,Summer 2022,001,31065,"Rienstra-Kiracofe, Christine S.",37.8%,10.8%,8.1%,,13.5%,,,8.1%,,,,2.7%,,,10.8%,,,,,,,,8.1%,
ENGL,ENGL-English,10600,First-Year Composition,202230,Summer 2022,046,30494,"Brewer, Joshua A.",53.3%,6.7%,13.3%,,6.7%,,,6.7%,,6.7%,,,,,6.7%,,,,,,,,,
,,,,,,047,30495,"Hughes, Jennifer J.",64.3%,,,,28.6%,,,7.1%,,,,,,,,,,,,,,,,
,,,,,,049,30514,"Rosell, Carla B.",6.7%,33.3%,,,20.0%,6.7%,20.0%,,,,,,,,6.7%,,,,,,,,6.7%,
,,,,,,050,30515,"Rosell, Carla B.",20.0%,13.3%,,,6.7%,13.3%,13.3%,,6.7%,13.3%,,,,,13.3%,,,,,,,,,
,,,,,,Y01,11037,"Johnson, Michael D.",17.6%,29.4%,,,17.6%,17.6%,11.8%,,,,,,,,,,,,,,,,5.9%,
,,,,,,Y02,11038,"Hall, Kailyn S.",31.6%,15.8%,,,21.1%,5.3%,21.1%,,5.3%,,,,,,,,,,,,,,,
,,,,,,Y03,11039,"Yerace, Marisa E.",15.0%,10.0%,40.0%,,5.0%,,,,,,,,,,30.0%,,,,,,,,,
,,,,,,Y04,13166,"Wolfe, Monica C.",15.8%,,52.6%,,10.5%,,10.5%,5.3%,,,,,,,,,,,,,,,5.3%,
,,,,,,Y05,13324,"Deptula, Adrianna M.",36.8%,15.8%,31.6%,,10.5%,,5.3%,,,,,,,,,,,,,,,,,
,,,,,,Y06,13435,"Bergman, Rochel S.",15.8%,15.8%,15.8%,,15.8%,,10.5%,,5.3%,10.5%,,,,,,,,,,,,,10.5%,
,,,,,,Y07,13954,"Beck, Robert S.",23.5%,23.5%,,,11.8%,11.8%,11.8%,,5.9%,,,,,,11.8%,,,,,,,,,
,,,,,,Y08,14096,"Akinwale, Toluwalase P.",17.6%,47.1%,5.9%,,5.9%,11.8%,5.9%,,,5.9%,,,,,,,,,,,,,,
,,,,,,Y09,14203,"Bryans, Marisa J.",55.0%,15.0%,15.0%,,5.0%,,5.0%,,,,,,,,5.0%,,,,,,,,,
,,,,,,Y10,14253,"Berchtold, Jessica E.",47.4%,5.3%,,,10.5%,10.5%,10.5%,5.3%,,10.5%,,,,,,,,,,,,,,
,,,,,,Y11,32547,"Krumrie, Cody W.",57.9%,,,,15.8%,5.3%,5.3%,,,,5.3%,,,,5.3%,,,,,,,,5.3%,
,,,,,,YI1,14513,"Truman, Erik K.",83.3%,8.3%,,,,,,,,,,,,,8.3%,,,,,,,,,
,,,,,,YI2,14753,"Wang, Qian",9.1%,27.3%,36.4%,,,,9.1%,,,,,,9.1%,,9.1%,,,,,,,,,
,,,,,,YI3,32271,"Parkison, Shawn R.",9.1%,9.1%,9.1%,,18.2%,18.2%,18.2%,,,9.1%,,,,,9.1%,,,,,,,,,
,,20500,Intro Creative Writing,202230,Summer 2022,Y01,22389,"Epps, Cassius R.",,6.3%,75.0%,,18.8%,,,,,,,,,,,,,,,,,,,
,,,,,,Y02,22390,"DePanise, Emma K.",6.3%,6.3%,62.5%,,6.3%,6.3%,,6.3%,,,,,,,6.3%,,,,,,,,,
,,23800,Intro To Fiction,202230,Summer 2022,001,11173,"David, Marlo D.",30.0%,5.0%,35.0%,,5.0%,5.0%,5.0%,,,5.0%,,,,,10.0%,,,,,,,,,
,,,,,,002,32018,"Morgenstern, Matthew R.",38.5%,7.7%,,,7.7%,7.7%,30.8%,,,,,,,,,,,,,,,,7.7%,
,,,,,,003,32019,"Anderson, Alexandra M.",30.8%,15.4%,23.1%,,,,23.1%,,,,,,,,7.7%,,,,,,,,,
,,,,,,Y03,11104,"Kim, Na Rim",23.5%,5.9%,41.2%,,,11.8%,11.8%,5.9%,,,,,,,,,,,,,,,,
,,28600,The Movies,202230,Summer 2022,Y01,10446,"Abad, Jason M.",21.7%,26.1%,,,13.0%,8.7%,13.0%,,,8.7%,,,,,4.3%,,,,,,,,4.3%,
,,31600,Craft Of Fiction,202230,Summer 2022,001,29876,"Gray, Casey M.",57.1%,21.4%,14.3%,,,,7.1%,,,,,,,,,,,,,,,,,
,,33000,Games And Diversity,202230,Summer 2022,Y01,11063,"Blackmon, Samantha",88.9%,,,,11.1%,,,,,,,,,,,,,,,,,,,
,,36000,Gender And Literature,202230,Summer 2022,002,32910,"Pearson, Emily M.",36.4%,18.2%,18.2%,,9.1%,,9.1%,,,,,,,,,,,,,,,,9.1%,
,,42000,Business Writing,202230,Summer 2022,002,32022,"Ricks, Antony N.",,25.0%,25.0%,,8.3%,,16.7%,,,,,,,,8.3%,,,,,,,,16.7%,
,,,,,,E01,32272,"Defrench, Melissa K.",9.1%,9.1%,63.6%,,,,18.2%,,,,,,,,,,,,,,,,,
,,,,,,Y01,11820,"Ghafoor, Maryam A.",36.8%,21.1%,15.8%,,5.3%,,5.3%,,,10.5%,,,,,,,,,,,,,5.3%,
,,,,,,Y02,11821,"Ghafoor, Maryam A.",55.0%,15.0%,25.0%,,5.0%,,,,,,,,,,,,,,,,,,,
,,,,,,Y03,11822,"Ricks, Antony N.",18.8%,,18.8%,,6.3%,12.5%,6.3%,,6.3%,,,,,,12.5%,,,,,,,,18.8%,
,,,,,,Y04,22388,"Chen, Jianfen",25.0%,,45.0%,,5.0%,,5.0%,,,,,,,,5.0%,,,5.0%,,,,,10.0%,
,,,,,,Y05,23772,"Tompkins, John C.",75.0%,,,,5.0%,,,,,,10.0%,,,,10.0%,,,,,,,,,
,,,,,,Y06,11085,"Tompkins, John C.",85.0%,,,,10.0%,,,,,,,,,,5.0%,,,,,,,,,
,,,,,,Y07,25620,"Wegener, Susan E.",5.0%,5.0%,70.0%,,,,10.0%,,5.0%,,,,,,5.0%,,,,,,,,,
,,,,,,Y08,11087,"Wegener, Susan E.",5.0%,,80.0%,,,,,,,5.0%,,,5.0%,,5.0%,,,,,,,,,
,,,,,,Y09,29047,"Milliren, Kaden C.",75.0%,15.0%,,,,5.0%,5.0%,,,,,,,,,,,,,,,,,
,,,,,,Y13,14506,"Lark, Jolene B.",10.0%,10.0%,65.0%,,5.0%,,,,,,5.0%,,,,,,,,,,,,5.0%,
,,,,,,Y14,28949,"Nestor Babcock, Sarah",35.0%,35.0%,,,10.0%,,10.0%,,,,,,,,,,,,,,,,10.0%,
,,,,,,Y15,28950,"Jendrzey, Elizabeth A.",23.5%,,64.7%,,,5.9%,5.9%,,,,,,,,,,,,,,,,,
,,,Business Writing-Honors,202230,Summer 2022,E01,32272,"Defrench, Melissa K.",,,100.0%,,,,,,,,,,,,,,,,,,,,,
,,42100,Technical Writing,202230,Summer 2022,010,31202,"Caddell, Alison M.",,,100.0%,,,,,,,,,,,,,,,,,,,,,
,,,,,,Y01,11830,"Bailey, Rachael D.",12.5%,12.5%,,,6.3%,12.5%,18.8%,,12.5%,12.5%,,,6.3%,,,,,,,,,,6.3%,
,,,,,,Y02,11832,"Bailey, Rachael D.",5.6%,16.7%,,,33.3%,11.1%,5.6%,5.6%,5.6%,,5.6%,,5.6%,,,,,,,,,,,5.6%
,,,,,,Y03,20842,"Clark, Tracy L.",5.3%,10.5%,15.8%,,21.1%,5.3%,26.3%,,,,,,,,5.3%,,,5.3%,,,,,5.3%,
,,,,,,Y04,16335,"Clark, Tracy L.",5.9%,17.6%,,,,23.5%,23.5%,,,,,,,,17.6%,,,,,,,,11.8%,
,,,,,,Y05,22391,"Weech, Shelton M.",20.0%,35.0%,,,10.0%,5.0%,20.0%,,,5.0%,,,,,5.0%,,,,,,,,,
,,,,,,Y15,14507,"Baker, Holly T.",50.0%,5.6%,11.1%,,,5.6%,,5.6%,,5.6%,,,,,5.6%,,,,,,,,11.1%,
,,,,,,Y16,28952,"Baker, Holly T.",27.8%,16.7%,16.7%,,22.2%,5.6%,5.6%,,,,,,,,5.6%,,,,,,,,,
ENGR,ENGR-Engineering,13100,Trans Ideas To Innovation I,202230,Summer 2022,001,25678,"Mcfall, Gary T.",59.1%,25.0%,,,2.3%,4.5%,9.1%,,,,,,,,,,,,,,,,,
,,,,,,003,29814,"Tan, Li",39.4%,36.4%,,,3.0%,6.1%,9.1%,,,,,,,,,,,,,,,,6.1%,
,,13200,Trans Ideas To Innovation II,202230,Summer 2022,002,29524,"Wible, Kathleen J.",24.2%,25.3%,,,9.9%,5.5%,20.9%,3.3%,1.1%,4.4%,2.2%,,,,2.2%,,,,,,,,1.1%,
,,19500,Intro To Engr Disciplines,202230,Summer 2022,002,27289,"Aguilar, Jeannete G.",97.5%,,,,,,,,,,,,,,,,,,,,,,2.5%,
,,,Multicult Intro To Eng (MITE),202230,Summer 2022,005,32238,"Parker, Heidi E.",,,,,,,,,,,,,,,,,7.1%,92.9%,,,,,,
,,,PREFACE,202230,Summer 2022,004,32237,"Parker, Heidi E.",,,,,,,,,,,,,,,,,2.9%,97.1%,,,,,,
,,39799,GEARE Domestic Internship,202230,Summer 2022,001,24740,"Montalvo, Francisco J.",,,,,,,,,,,,,,,,,,,,100.0%,,,,
,,69199,Pro Prac Grad Co-Op I,202230,Summer 2022,001,24742,"Strickland, Jennifer N.",,,,,,,,,,,,,,,,,,,,100.0%,,,,
,,,,,,002,10980,"Vandevoorde, Eric A.",,,,,,,,,,,,,,,,,,,,96.9%,,,3.1%,
,,69299,Pro Prac Grad Co-Op II,202230,Summer 2022,002,10981,"Vandevoorde, Eric A.",,,,,,,,,,,,,,,,,,,,100.0%,,,,
,,69699,Pro Prac Grad Intern,202230,Summer 2022,001,11067,"Strickland, Jennifer N.",,,,,,,,,,,,,,,,,,,,95.6%,2.2%,,2.2%,
ENTR,ENTR-Entrepreneurship,20000,Intro Entr & Innov,202230,Summer 2022,002,14412,"Reiff, Mark A.",15.4%,7.7%,69.2%,,,,3.8%,,,,,,,,,,,,,,,,3.8%,
,,,,,,003,15189,"Lutz, Dora L.",30.4%,8.7%,52.2%,,4.3%,,,,,,,,,,,,,,,,,,4.3%,
,,31000,Mktg Mgmt For New Ventures,202230,Summer 2022,002,14413,"Davis, Rick B.",54.5%,36.4%,,,4.5%,,4.5%,,,,,,,,,,,,,,,,,
,,,,,,003,15379,"Paden, Bob",22.7%,13.6%,36.4%,,,9.1%,9.1%,4.5%,,,4.5%,,,,,,,,,,,,,
,,39699,Interns For Indiana Experience,202230,Summer 2022,I01,29337,"Francis, Patrick M.",,,,,,,,,,,,,,,,,,,,100.0%,,,,
,,46000,Internship And Career Prep,202230,Summer 2022,003,10460,"Leeker, Steven J.",10.3%,3.4%,79.3%,,,3.4%,,,,,,,,,,,,,,,,,3.4%,
FNR,FNR-Forestry&Natural Resources,12500,Environmental Scienc & Conserv,202230,Summer 2022,001,10129,"Dunning, John B.",19.0%,19.0%,9.5%,,4.8%,4.8%,19.0%,14.3%,,,4.8%,,,,4.8%,,,,,,,,,
,,37010,Natural Resources Practicum,202230,Summer 2022,001,28963,"Farlee, Lenny D.",28.4%,47.8%,7.5%,,4.5%,1.5%,9.0%,,,,1.5%,,,,,,,,,,,,,
,,37050,Forest Habitats & Comm Pract,202230,Summer 2022,001,28964,"Flaherty, Elizabeth A.",58.6%,13.8%,20.7%,,5.2%,,1.7%,,,,,,,,,,,,,,,,,
,,37100,Fish&Aquatic Practicum,202230,Summer 2022,001,28965,"Brown, Paul B.",53.8%,46.2%,,,,,,,,,,,,,,,,,,,,,,
,,37200,Forestry Practicum,202230,Summer 2022,001,28966,"Creech, Stephen W.",23.1%,23.1%,23.1%,,15.4%,7.7%,7.7%,,,,,,,,,,,,,,,,,
,,37300,Wildlife Practicum,202230,Summer 2022,001,28967,"Creech, Stephen W.",24.0%,26.0%,16.0%,,24.0%,,10.0%,,,,,,,,,,,,,,,,,
FR,FR-French,10100,French Level I,202230,Summer 2022,001,12087,"Duthoit, Juliette D.",9.1%,9.1%,63.6%,,,,,,,,9.1%,,,,,,,,,,,,9.1%,
,,10200,French Level II,202230,Summer 2022,001,12088,"Adewuyi, Roseline A.",16.7%,16.7%,,,5.6%,11.1%,11.1%,,5.6%,5.6%,5.6%,,,,5.6%,,,,,,,,16.7%,
,,20100,French Level III,202230,Summer 2022,002,14434,"Jouin, Gwenael B.",28.6%,14.3%,,,7.1%,,7.1%,,7.1%,14.3%,,7.1%,,,7.1%,,,,,,,,7.1%,
,,20200,French Level IV,202230,Summer 2022,001,29083,"Adigun, Doyin Y.",30.8%,,7.7%,,,15.4%,15.4%,7.7%,,7.7%,,,,,7.7%,,,,,,,,7.7%,
FVS,FVS-Film And Video Studies,33600,Screenwriting,202230,Summer 2022,001,31410,"Sklar, Jeremy F.",18.2%,18.2%,54.5%,,,,,,9.1%,,,,,,,,,,,,,,,
GER,GER-German,10100,German Level I,202230,Summer 2022,003,11663,"Baumer, Jason E.",50.0%,,,,25.0%,,8.3%,,,,,,,,8.3%,,,,,,,,8.3%,
,,,,,,009,31409,"Hinkel, Irina A.",45.5%,,9.1%,,,18.2%,9.1%,,,,,,,,9.1%,,,,,,,,9.1%,
,,10200,German Level II,202230,Summer 2022,004,12098,"Kroninger, Andrew Y.",33.3%,33.3%,6.7%,,6.7%,6.7%,6.7%,,,,,,,,,,,,,,,,6.7%,
,,20100,German Level III,202230,Summer 2022,001,29502,"Preston, Kailey S.",46.7%,20.0%,,,6.7%,6.7%,6.7%,6.7%,,,,,,,6.7%,,,,,,,,,
,,28000,Beer & Brewing In Ger Cul,202230,Summer 2022,001,23807,"Sundquist, John D.",63.6%,18.2%,,,9.1%,,9.1%,,,,,,,,,,,,,,,,,
GRAD,GRAD-Graduate Studies,59000,Grant Writing Light,202230,Summer 2022,005,31273,"Nielsen, Lisa R.",,,,,,,,,,,,,,,,,,100.0%,,,,,,
,,,Program Management,202230,Summer 2022,OL1,31438,"Springer, Mitchell L.",100.0%,,,,,,,,,,,,,,,,,,,,,,,
,,69900,Research PhD Thesis,202230,Summer 2022,008,24428,"Cannon, Jason R.",,,,,,,,,,,,,,,,,,,,100.0%,,,,
GS,GS-General Studies,11900,Intro Acad Prog-Purdue,202230,Summer 2022,001,14803,"Barr, Jaimee I.",,,,,,,,,,,,,,,,,10.9%,89.1%,,,,,,
,,,,,,002,32341,"Gipson, John A.",,,,,,,,,,,,,,,,,,100.0%,,,,,,
,,,,,,003,32342,"Pratt, Kathryn L.",,,,,,,,,,,,,,,,,5.2%,93.1%,,,,,1.7%,
,,12000,Summer Start Seminar,202230,Summer 2022,004,12022,"McKay, Allison L.",53.8%,,,,30.8%,,,15.4%,,,,,,,,,,,,,,,,
,,,,,,005,12027,"Allison, Morgan B.",53.3%,,,,46.7%,,,,,,,,,,,,,,,,,,,
,,,,,,011,13714,"Ivey, David J.",88.2%,,,,5.9%,,,5.9%,,,,,,,,,,,,,,,,
,,,,,,015,10439,"Stubbs, Allison M.",55.6%,,,,27.8%,,,16.7%,,,,,,,,,,,,,,,,
,,,,,,018,15387,"Ivey, David J.",73.3%,,,,20.0%,,,,,,,,,,,6.7%,,,,,,,,
,,,,,,023,29667,"Dufault, Sean G.",86.1%,,,,5.9%,,,5.0%,,,1.0%,,,,1.0%,,,,,,,,1.0%,
,,,,,,027,32177,"Allison, Morgan B.",54.5%,,,,18.2%,,,9.1%,,,9.1%,,,,9.1%,,,,,,,,,
,,,,,,028,32178,"McKay, Allison L.",64.3%,,,,28.6%,,,7.1%,,,,,,,,,,,,,,,,
,,,,,,029,32187,"Barr, Jaimee I.",83.3%,,,,8.3%,,,5.6%,,,2.8%,,,,,,,,,,,,,
,,,,,,030,32188,"Pratt, Kathryn L.",71.4%,,,,21.4%,,,7.1%,,,,,,,,,,,,,,,,
,,19501,Preparing For UG Research Expr,202230,Summer 2022,003,15433,"Sadler, James J.",,,,,,,,,,,,,,,,,3.6%,95.2%,,,,,1.2%,
,,,,,,004,30638,"Sadler, James J.",,,,,,,,,,,,,,,,,11.4%,88.6%,,,,,,
,,22000,Asians&Asian Amer Populr Cltrl,202230,Summer 2022,002,32052,"Sari, Pamela K.",,,,,,,,,,,,,,,,,,84.6%,,,,,15.4%,
,,,Calculus For HS Students,202230,Summer 2022,004,32522,"Nuguid, Maria Eloisa C.",,,,,,,,,,,,,,,,,3.6%,92.9%,,,,,3.6%,
,,,Pre-Calculus For HS,202230,Summer 2022,003,32521,"Martinez, Benito A.",,,,,,,,,,,,,,,,,,100.0%,,,,,,
,,,Thomora Black Arts Workshop,202230,Summer 2022,001,32051,"Caise, William P.",,,,,,,,,,,,,,,,,,77.8%,,,,,22.2%,
HDFS,HDFS-Human Dev &Family Studies,20100,Intro Family Processes,202230,Summer 2022,001,10065,"Anderson, Kirsten L.",22.2%,5.6%,33.3%,,5.6%,11.1%,,5.6%,,,5.6%,,5.6%,,,,,,,,,,5.6%,
,,21000,Intro Human Devlpment,202230,Summer 2022,001,10009,"Friedman, Elliot M.",26.1%,19.6%,30.4%,,10.9%,,10.9%,,,2.2%,,,,,,,,,,,,,,
,,28000,Divrsty Individual & Fam Life,202230,Summer 2022,002,23671,"Robertson, Olivia C.",20.7%,20.7%,6.9%,,10.3%,13.8%,6.9%,,,6.9%,,,3.4%,,3.4%,3.4%,,3.4%,,,,,,
,,31100,Child Development,202230,Summer 2022,001,25785,"Nichols, Deborah L.",28.6%,7.1%,35.7%,,14.3%,,14.3%,,,,,,,,,,,,,,,,,
,,33000,Sexuality And Family Life,202230,Summer 2022,001,10496,"Elias, Cezanne M.",78.6%,7.1%,,,7.1%,,7.1%,,,,,,,,,,,,,,,,,
HIST,HIST-History,10300,Intro To Medieval Wrld,202230,Summer 2022,Y01,22231,"Mitchell, Silvia Z.",6.3%,18.8%,3.1%,,12.5%,9.4%,9.4%,9.4%,3.1%,6.3%,,,3.1%,,6.3%,,,,,,,,12.5%,
,,10400,Intro To Modern World,202230,Summer 2022,001,32586,"Walkama, Annalise R.",28.6%,14.3%,,,23.8%,14.3%,9.5%,9.5%,,,,,,,,,,,,,,,,
,,10500,Global History,202230,Summer 2022,Y01,23768,"Bhattacharya, Tithi",18.8%,12.5%,37.5%,,,,,12.5%,6.3%,6.3%,,,,,,,,,,,,,6.3%,
,,15100,Amer Hist To 1877,202230,Summer 2022,Y01,22842,"Barr, Erin C.",4.3%,17.0%,8.5%,,12.8%,6.4%,23.4%,4.3%,,8.5%,2.1%,2.1%,,,6.4%,,,,,,,,4.3%,
,,15200,U S Since 1877,202230,Summer 2022,001,10075,"Bynum, Cornelius L.",21.4%,25.0%,46.4%,,3.6%,,3.6%,,,,,,,,,,,,,,,,,
,,,,,,Y01,10272,"Bynum, Cornelius L.",11.1%,22.2%,19.4%,,11.1%,5.6%,,11.1%,2.8%,2.8%,,,,,5.6%,,,,,,,,8.3%,
,,35000,Science & Society In 20th Cent,202230,Summer 2022,Y01,27730,"Bouquet, Dorothee M.",25.6%,18.6%,4.7%,,11.6%,7.0%,9.3%,,2.3%,2.3%,,,,,4.7%,,2.3%,2.3%,,,,,9.3%,
,,35100,Second World War,202230,Summer 2022,001,14383,"Roberts, Randy W.",13.3%,40.0%,,,10.0%,3.3%,28.3%,1.7%,,1.7%,,,,,,,,,,,,,1.7%,
,,35500,American Military Aff,202230,Summer 2022,001,28802,"Jones, Trenton C.",4.0%,8.0%,4.0%,,32.0%,12.0%,24.0%,,,,,,,,16.0%,,,,,,,,,
,,37100,Society & Rock & Roll,202230,Summer 2022,Y01,11136,"Guberman, Daniel A.",32.7%,26.5%,14.3%,,10.2%,2.0%,8.2%,,,,,,,,2.0%,,,,,,,,4.1%,
,,,Society & Rock & Roll-Honors,202230,Summer 2022,Y01,11136,"Guberman, Daniel A.",100.0%,,,,,,,,,,,,,,,,,,,,,,,
,,37700,Hist & Cult Native Am,202230,Summer 2022,001,11086,"Marsh, Dawn G.",33.3%,,,,33.3%,,,16.7%,,,,,,,8.3%,,,,,,,,4.2%,4.2%
HK,HK-Health And Kinesiology,10000,Foundations Of Kinesiology,202230,Summer 2022,001,28787,"Blankenship, Bonnie T.",22.2%,11.1%,,,11.1%,27.8%,11.1%,5.6%,,5.6%,,,,,5.6%,,,,,,,,,
,,30800,Athletic Health Care,202230,Summer 2022,001,31725,"Lawrance, Scott E.",75.0%,6.3%,,,,6.3%,12.5%,,,,,,,,,,,,,,,,,
,,36800,Exercise Physiology I,202230,Summer 2022,006,32197,"Kargl, Christopher",38.5%,15.4%,,,15.4%,7.7%,7.7%,15.4%,,,,,,,,,,,,,,,,
,,,,,,007,32330,"Ro, Bohyun",27.3%,9.1%,18.2%,,9.1%,,9.1%,,18.2%,9.1%,,,,,,,,,,,,,,
,,46500,Research Methods,202230,Summer 2022,001,22428,"Klenosky, David B.",36.0%,24.0%,,,12.0%,4.0%,20.0%,,,4.0%,,,,,,,,,,,,,,
HONR,HONR-Honors,19900,Intro To Research,202230,Summer 2022,001,12200,"Ware, Jason A.",92.0%,4.0%,,,2.0%,,,,,,,,2.0%,,,,,,,,,,,
,,,,,,008,32850,"Macgiollabhui, Muiris",91.7%,6.3%,,,,,,,,,,,,,,2.1%,,,,,,,,
,,,,,,H08,29800,"Ware, Jason A.",79.8%,7.4%,,,,1.1%,2.1%,,,,2.1%,,,,4.3%,3.2%,,,,,,,,
,,,The Next Great Idea,202230,Summer 2022,006,28925,"Vanaik, Anish",,,,,,,,,,,,,,,,,,100.0%,,,,,,
,,19903,Interdisc Approach To Writing,202230,Summer 2022,001,11674,"Moore, Jonathan P.",75.0%,10.0%,,,,,10.0%,,,,,,,,5.0%,,,,,,,,,
,,29900,Exploring Place,202230,Summer 2022,001,13332,"Swanson, Nathan W.",100.0%,,,,,,,,,,,,,,,,,,,,,,,
,,,Summer Mentorship,202230,Summer 2022,003,31743,"Watkins, Adam E.",68.0%,8.0%,8.0%,,8.0%,4.0%,4.0%,,,,,,,,,,,,,,,,,
,,39900,Happiness,202230,Summer 2022,002,32075,"Kovich, Melissa K.",16.7%,,70.8%,,,,4.2%,,,,4.2%,,,,,,,,,,,,4.2%,
HORT,HORT-Horticulture,30600,Hist Of Horticulture,202230,Summer 2022,Y01,12110,"Nzaranyimana, Theoneste",11.9%,16.7%,54.8%,,2.4%,,4.8%,2.4%,,2.4%,,,,,4.8%,,,,,,,,,
HSCI,HSCI-Health Sciences,20100,Public Health Science,202230,Summer 2022,001,24010,"Wilson, Mark D.",7.7%,20.5%,53.8%,,2.6%,,5.1%,2.6%,2.6%,,,,2.6%,,,,,,,,,,2.6%,
HTM,HTM-Hospitality & Tourism Mgmt,14100,Fin Acctg Service Ind,202230,Summer 2022,001,29170,"Leitch, Stephen R.",,6.9%,,,31.0%,34.5%,6.9%,3.4%,6.9%,3.4%,3.4%,,,,3.4%,,,,,,,,,
,,16200,Intro To Event & Meet Planning,202230,Summer 2022,001,11331,"Jung, Shinyong",52.9%,23.5%,,,,,5.9%,,,5.9%,11.8%,,,,,,,,,,,,,
,,20200,Hospitality&Tourism Work Expr,202230,Summer 2022,001,10073,"Chen, Jun",,,,,,,,,,,,,,,,,,91.7%,8.3%,,,,,
,,30200,Hosp & Tour Ind Intern,202230,Summer 2022,001,12167,"Chen, Jun",87.5%,,,,1.6%,,,,,,,,,,1.6%,9.4%,,,,,,,,
,,31100,Procuremt Mgt Foodserv,202230,Summer 2022,001,21976,"Byrd, Karen S.",16.7%,,,,16.7%,,5.6%,27.8%,,27.8%,,,,,,,,,,,,,5.6%,
IE,IE-Industrial Engineering,34300,Engineering Economics,202230,Summer 2022,001,32076,"Rahman, Md Mahmudur",15.3%,30.5%,1.7%,,11.9%,11.9%,8.5%,5.1%,1.7%,1.7%,1.7%,5.1%,,,3.4%,,,,,,,,1.7%,
,,39699,Prof Practice Internship,202230,Summer 2022,001,21122,"Brunese, Patrick A.",,,,,,,,,,,,,,,,,,,,100.0%,,,,
,,56600,Product Mgt Control,202230,Summer 2022,OL1,31659,"Fong, Nga Hin B.",9.6%,,86.7%,,,,,,,,,,,,1.2%,,,,,,,,2.4%,
,,69600,Grad Prof Practice,202230,Summer 2022,004,20976,"Brunese, Patrick A.",,,,,,,,,,,,,,,,,,,,100.0%,,,,
IET,IET-Industrial Engr Technology,21400,Intro Supply Chain Mgmt Tech,202230,Summer 2022,001,28844,"Nanda, Gaurav",31.3%,12.5%,6.3%,,12.5%,12.5%,12.5%,,,,6.3%,6.3%,,,,,,,,,,,,
,,31600,Statistical Quality Control,202230,Summer 2022,001,31722,"Stephens, Matthew P.",9.1%,,,,9.1%,,,18.2%,,,27.3%,,,,36.4%,,,,,,,,,
,,33400,Economics Analysis - Tech Sys,202230,Summer 2022,011,31723,"Sutton, Mathias J.",20.8%,8.3%,16.7%,,4.2%,8.3%,8.3%,8.3%,4.2%,8.3%,,,4.2%,,4.2%,,,,,,,,4.2%,
JPNS,JPNS-Japanese,10100,Japanese Level I,202230,Summer 2022,005,13344,"Baydar, Samet",9.1%,,45.5%,,,,18.2%,,,,,,,,9.1%,,,,,,,,18.2%,
,,,,,,006,14433,"Yamamoto, Mai",8.3%,,66.7%,,,,8.3%,,,,,,,,8.3%,,,,,,,,8.3%,
,,,,,,007,32450,"Lutz, Asami",45.5%,9.1%,,,,9.1%,9.1%,9.1%,,9.1%,,,,,,,,,,,,,9.1%,
KOR,KOR-Korean,10100,Korean Level I,202230,Summer 2022,001,29726,"Kim, Huai-Rhin",63.6%,,,,9.1%,9.1%,,,,,,9.1%,,,,,,,,,,,9.1%,
LA,LA-Landscape Architecture,10600,Accelerated Foundations Studio,202230,Summer 2022,004,12254,"Barbarash, David M.",18.2%,45.5%,,,,18.2%,18.2%,,,,,,,,,,,,,,,,,
LING,LING-Linguistics,20100,Intro To Linguistics,202230,Summer 2022,002,32025,"Seo, Yuhyeon",31.6%,5.3%,21.1%,,10.5%,5.3%,,15.8%,,10.5%,,,,,,,,,,,,,,
MA,MA-Mathematics,13900,Math For Elm Tchrs III,202230,Summer 2022,001,10302,"Max, Brooke M.",3.8%,,,,46.2%,,,34.6%,,,11.5%,,,,3.8%,,,,,,,,,
,,15300,College Algebra,202230,Summer 2022,Y01,12381,"Devlin, Patrick M.",6.4%,,6.4%,,6.4%,,4.3%,4.3%,4.3%,4.3%,4.3%,,2.1%,,31.9%,,,,,,,,25.5%,
,,15800,Precalculus- Functions & Trig,202230,Summer 2022,001,13259,"Devlin, Patrick M.",3.7%,11.1%,14.8%,,11.1%,3.7%,7.4%,14.8%,,7.4%,,,,,22.2%,,,,,,,,3.7%,
,,,,,,BOP,24255,"Delworth, Timothy J.",42.3%,3.8%,19.2%,,26.9%,,3.8%,,,,,,,,,,,,,,,,3.8%,
,,,,,,DIS,10012,"Norris, David M.",15.6%,,2.2%,,24.4%,8.9%,4.4%,4.4%,15.6%,13.3%,4.4%,,,,4.4%,,,,,,,,2.2%,
,,16010,Applied Calculus I,202230,Summer 2022,001,28853,"Cuadra, Alexandra",12.5%,,,,12.5%,12.5%,6.3%,12.5%,12.5%,18.8%,,,,,6.3%,,,,,,,,6.3%,
,,,,,,DIS,10013,"Delworth, Timothy J.",13.6%,2.5%,4.2%,,14.4%,5.9%,8.5%,14.4%,5.1%,5.9%,8.5%,5.1%,2.5%,,4.2%,,,,,,,,5.1%,
,,16020,Applied Calculus II,202230,Summer 2022,DIS,10023,"Davis, Owen K.",19.2%,1.3%,9.0%,,19.2%,1.3%,,28.2%,2.6%,1.3%,1.3%,,1.3%,,3.8%,,,,,,,,11.5%,
,,16100,Pl Anly Geo Calc I,202230,Summer 2022,203,30279,"Bhaskara, Rashmi",8.2%,6.1%,8.2%,,18.4%,14.3%,10.2%,8.2%,4.1%,8.2%,4.1%,,,,6.1%,,,,,,,,4.1%,
,,,,,,204,32472,"Srinivasan, Vittal",6.7%,6.7%,4.4%,,13.3%,8.9%,11.1%,13.3%,11.1%,11.1%,4.4%,,6.7%,,,,,,,,,,2.2%,
,,16200,Pl Anly Geo Calc II,202230,Summer 2022,401,29143,"Hughes, Victor G.",13.3%,6.7%,6.7%,,6.7%,6.7%,6.7%,13.3%,13.3%,6.7%,6.7%,,,,13.3%,,,,,,,,,
,,,,,,502,30281,"Nolan, Cian F.",17.4%,10.9%,10.9%,,8.7%,13.0%,10.9%,13.0%,,2.2%,,,4.3%,,8.7%,,,,,,,,,
,,,,,,503,31182,"Polak, Raymond L.",8.7%,8.7%,6.5%,,17.4%,4.3%,13.0%,10.9%,4.3%,8.7%,10.9%,,2.2%,,4.3%,,,,,,,,,
,,,,,,504,31183,"Srinivasan, Abishek",11.1%,15.6%,11.1%,,17.8%,11.1%,17.8%,2.2%,4.4%,2.2%,4.4%,,2.2%,,,,,,,,,,,
,,,,,,505,32470,"Liu, Zekun",4.4%,4.4%,4.4%,,24.4%,11.1%,11.1%,13.3%,11.1%,6.7%,2.2%,,2.2%,,4.4%,,,,,,,,,
,,,,,,506,32471,"Mandokhot, Anjali",10.9%,8.7%,6.5%,,19.6%,6.5%,21.7%,2.2%,2.2%,4.3%,13.0%,,2.2%,,2.2%,,,,,,,,,
,,19000,Precalculus Skills Development,202230,Summer 2022,001,32544,"McKee, Ricki L.",,,,,,,,,,,,,,,,,4.1%,95.9%,,,,,,
,,,,,,002,32546,"McKee, Ricki L.",,,,,,,,,,,,,,,,,8.8%,89.5%,,,,,1.8%,
,,26100,Multivariate Calculus,202230,Summer 2022,600,29126,"Knight, Joseph",7.1%,,,,7.1%,21.4%,7.1%,7.1%,7.1%,7.1%,7.1%,,7.1%,,14.3%,,,,,,,,7.1%,
,,,,,,800,29125,"Haug, John A.",7.1%,,14.3%,,14.3%,14.3%,7.1%,7.1%,7.1%,7.1%,,,7.1%,,7.1%,,,,,,,,7.1%,
,,,,,,900,29133,"Hardwick, Gareth C.",9.8%,7.3%,2.4%,,19.5%,9.8%,12.2%,9.8%,4.9%,14.6%,2.4%,,,,2.4%,,,,,,,,4.9%,
,,,,,,901,31185,"Gismondi, Nicholas D.",17.5%,7.5%,12.5%,,5.0%,5.0%,7.5%,10.0%,5.0%,10.0%,5.0%,,5.0%,,10.0%,,,,,,,,,
,,,,,,902,31186,"Liu, Yiran",16.7%,11.9%,9.5%,,14.3%,4.8%,19.0%,11.9%,2.4%,,7.1%,,,,2.4%,,,,,,,,,
,,,,,,903,31187,"Liu, Yiran",7.5%,17.5%,20.0%,,12.5%,2.5%,7.5%,5.0%,5.0%,7.5%,5.0%,,,,5.0%,,,,,,,,5.0%,
,,,,,,904,31188,"Hosseinijafari, Farid",18.4%,13.2%,13.2%,,10.5%,5.3%,13.2%,10.5%,2.6%,5.3%,5.3%,,2.6%,,,,,,,,,,,
,,,,,,905,31189,"Kavouras, Andreas A.",,8.1%,16.2%,,,24.3%,21.6%,16.2%,2.7%,2.7%,2.7%,,2.7%,,2.7%,,,,,,,,,
,,,,,,906,31190,"Tarasova, Yevgeniya V.",5.1%,5.1%,5.1%,,15.4%,12.8%,12.8%,7.7%,5.1%,12.8%,10.3%,,2.6%,,2.6%,,,,,,,,2.6%,
,,,,,,907,31191,"Selk, Zachary A.",5.0%,10.0%,12.5%,,15.0%,2.5%,7.5%,15.0%,2.5%,5.0%,7.5%,,,,15.0%,,,,,,,,2.5%,
,,,,,,908,31192,"Lancette, Steven R.",9.8%,4.9%,7.3%,,12.2%,7.3%,7.3%,9.8%,14.6%,9.8%,7.3%,,2.4%,,2.4%,,,,,,,,4.9%,
,,,,,,909,31193,"Lancette, Steven R.",2.5%,7.5%,2.5%,,20.0%,,5.0%,15.0%,10.0%,15.0%,10.0%,,2.5%,,5.0%,,,,,,,,5.0%,
,,26200,Lin Alg Diff Equats,202230,Summer 2022,001,17394,"Berardi, Maria",5.9%,5.9%,5.9%,,23.5%,11.8%,11.8%,5.9%,11.8%,,11.8%,,5.9%,,,,,,,,,,,
,,26500,Linear Algebra,202230,Summer 2022,100,29147,"Xu, Ping",3.8%,,11.5%,,11.5%,3.8%,15.4%,7.7%,3.8%,15.4%,11.5%,,3.8%,,11.5%,,,,,,,,,
,,,,,,951,27976,"Xu, Ping",8.0%,16.0%,2.0%,,14.0%,14.0%,14.0%,8.0%,2.0%,14.0%,8.0%,,,,,,,,,,,,,
,,,,,,952,25619,"Xu, Ping",18.0%,2.0%,,,14.0%,6.0%,16.0%,4.0%,2.0%,26.0%,4.0%,,6.0%,,,,,,,,,,2.0%,
,,,,,,953,12560,"Xu, Ping",10.0%,6.0%,16.0%,,18.0%,10.0%,8.0%,2.0%,,22.0%,4.0%,,2.0%,,,,,,,,,,2.0%,
,,,,,,954,13334,"Xu, Ping",14.3%,6.1%,8.2%,,12.2%,8.2%,12.2%,4.1%,2.0%,28.6%,2.0%,,2.0%,,,,,,,,,,,
,,26600,Ordinary Differ Equatn,202230,Summer 2022,500,29149,"Zhang, Ying",4.3%,,13.0%,,21.7%,13.0%,8.7%,8.7%,8.7%,8.7%,4.3%,,,,8.7%,,,,,,,,,
,,,,,,961,10034,"Zhang, Ying",15.6%,6.7%,2.2%,,4.4%,,8.9%,11.1%,,15.6%,6.7%,,6.7%,,15.6%,,,,,,,,6.7%,
,,,,,,962,27977,"Zhang, Ying",12.8%,6.4%,8.5%,,2.1%,8.5%,12.8%,10.6%,8.5%,4.3%,,,6.4%,,14.9%,,,,,,,,4.3%,
,,,,,,963,12561,"Zhang, Ying",17.4%,6.5%,8.7%,,8.7%,6.5%,8.7%,4.3%,10.9%,4.3%,6.5%,4.3%,,,10.9%,,,,,,,,2.2%,
,,,,,,964,13335,"Zhang, Ying",13.0%,6.5%,4.3%,,8.7%,15.2%,6.5%,8.7%,2.2%,4.3%,2.2%,2.2%,6.5%,,15.2%,,,,,,,,4.3%,
,,30300,Diff Equa Inc Systems,202230,Summer 2022,001,29151,"Kadattur Vasudevan, Shuddhodan",9.1%,9.1%,18.2%,,9.1%,9.1%,9.1%,9.1%,9.1%,9.1%,,,,,,,,,,,,,9.1%,
,,,,,,931,24807,"Kadattur Vasudevan, Shuddhodan",13.9%,11.1%,19.4%,,8.3%,11.1%,11.1%,,11.1%,8.3%,2.8%,,,,,,,,,,,,2.8%,
,,,,,,932,10078,"Kadattur Vasudevan, Shuddhodan",13.5%,5.4%,18.9%,,2.7%,5.4%,27.0%,2.7%,2.7%,10.8%,5.4%,,,,2.7%,,,,,,,,2.7%,
,,,,,,933,14499,"Kadattur Vasudevan, Shuddhodan",15.6%,3.1%,21.9%,,6.3%,12.5%,9.4%,3.1%,,12.5%,9.4%,,3.1%,,3.1%,,,,,,,,,
,,,,,,934,12681,"Kadattur Vasudevan, Shuddhodan",13.9%,13.9%,8.3%,,5.6%,8.3%,16.7%,5.6%,,13.9%,,,8.3%,,2.8%,,,,,,,,2.8%,
,,34100,Foundations Analysis,202230,Summer 2022,001,10371,"Glubokov, Andrey",12.5%,18.8%,18.8%,,,12.5%,,,6.3%,6.3%,,6.3%,6.3%,,,,,,,,,,12.5%,
,,35100,Elem Linear Algebra,202230,Summer 2022,002,30244,"Yhee, Farrah C.",5.4%,5.4%,10.7%,,14.3%,12.5%,12.5%,3.6%,3.6%,10.7%,1.8%,,1.8%,,3.6%,,,,,,,,14.3%,
,,41600,Probability,202230,Summer 2022,001,23686,"Noack, Christian J.",7.7%,7.7%,7.7%,7.7%,23.1%,15.4%,,15.4%,,,,,7.7%,,7.7%,,,,,,,,,
,,,,,,002,30245,"Noack, Christian J.",,10.0%,10.0%,,10.0%,15.0%,25.0%,5.0%,,5.0%,5.0%,,,,15.0%,,,,,,,,,
,,51100,Linear Algebra Appl,202230,Summer 2022,OL1,29153,"Hao, Zhaopeng",8.2%,20.4%,22.4%,,12.2%,16.3%,10.2%,2.0%,,2.0%,,,,,,,,,,,,,6.1%,
,,,,,,WNG,10829,"Hao, Zhaopeng",34.0%,11.3%,24.5%,,11.3%,3.8%,13.2%,,,1.9%,,,,,,,,,,,,,,
,,52700,Adv Math Engr Phys I,202230,Summer 2022,OL1,29154,"Park, Moongyu",22.5%,15.0%,20.0%,,7.5%,5.0%,12.5%,5.0%,2.5%,5.0%,,2.5%,,,,,,,,,,,2.5%,
,,,,,,WNG,12418,"Park, Moongyu",22.7%,6.8%,43.2%,2.3%,6.8%,6.8%,9.1%,2.3%,,,,,,,,,,,,,,,,
,,59800,Complex Analysis,202230,Summer 2022,530,27848,"Daniels, Taylor S.",,,,,,,,,,,,,,,,,,100.0%,,,,,,
MCMP,MCMP-Med Chem &Molecular Pharm,42200,Immunology,202230,Summer 2022,001,12728,"Hazbun, Tony R.",61.1%,,,,11.1%,,16.7%,,,,11.1%,,,,,,,,,,,,,
ME,ME-Mechanical Engineering,20000,Thermodynamics I,202230,Summer 2022,001,12266,"Naik, Sameer V.",58.3%,8.3%,8.3%,,,8.3%,,,8.3%,,,,,,8.3%,,,,,,,,,
,,,,,,002,32026,"Naik, Sameer V.",17.1%,9.4%,2.6%,,7.7%,8.5%,10.3%,8.5%,3.4%,6.8%,3.4%,6.8%,0.9%,,9.4%,0.9%,,,,,,,4.3%,
,,27000,Basic Mechanics I,202230,Summer 2022,Y01,24390,"Jones, James D.",13.1%,8.2%,3.3%,,4.9%,13.1%,9.8%,6.6%,11.5%,8.2%,6.6%,4.9%,1.6%,,3.3%,1.6%,,,,,,,3.3%,
,,27400,Basic Mechanics II,202230,Summer 2022,001,12268,"Krousgrill, Charles M.",20.0%,,,,20.0%,20.0%,13.3%,6.7%,6.7%,13.3%,,,,,,,,,,,,,,
,,,,,,002,31432,"Krousgrill, Charles M.",5.1%,5.1%,3.4%,,16.9%,11.9%,3.4%,11.9%,6.8%,10.2%,3.4%,,8.5%,,8.5%,,,,,,,,5.1%,
,,29199,Prof Practice Extensive I,202230,Summer 2022,001,20729,"King, Julia D.",,,,,,,,,,,,,,,,,,,,100.0%,,,,
,,29299,Prof Practice Extensive II,202230,Summer 2022,001,20730,"King, Julia D.",,,,,,,,,,,,,,,,,,,,100.0%,,,,
,,30800,Fluid Mechanics,202230,Summer 2022,002,31433,"Chen, Jun",13.3%,26.7%,26.7%,,,20.0%,6.7%,,,,6.7%,,,,,,,,,,,,,
,,32300,Mechanics Of Material,202230,Summer 2022,002,31434,"Hess, Beth J.",8.7%,8.7%,4.3%,13.0%,13.0%,4.3%,21.7%,4.3%,,4.3%,,,4.3%,,8.7%,,,,,,,,4.3%,
,,35400,Machine Design,202230,Summer 2022,002,31435,"Hess, Beth J.",,10.8%,5.4%,,18.9%,10.8%,10.8%,18.9%,8.1%,10.8%,,,,,2.7%,,,,,,,,2.7%,
,,36500,Measure Control Systems I,202230,Summer 2022,004,25662,"Lillian, Todd D.",8.3%,8.3%,16.7%,8.3%,8.3%,8.3%,16.7%,,,25.0%,,,,,,,,,,,,,,
,,39399,Prof Practice Extensive III,202230,Summer 2022,001,20731,"King, Julia D.",,,,,,,,,,,,,,,,,,,,100.0%,,,,
,,39699,Prof Practice Internship,202230,Summer 2022,001,25634,"King, Julia D.",,,,,,,,,,,,,,,,,,,,100.0%,,,,
,,46300,Engineering Design,202230,Summer 2022,001,12281,"Jensen, Charles G.",26.1%,17.4%,,,26.1%,4.3%,26.1%,,,,,,,,,,,,,,,,,
,,53900,Intro Scientific Machine Learn,202230,Summer 2022,OL1,31439,"Bilionis, Ilias",69.1%,1.8%,10.9%,5.5%,,1.8%,1.8%,,,,,,,,3.6%,,,,,,,,5.5%,
,,69900,Research PhD Thesis,202230,Summer 2022,133,28607,"Ardekani, Arezoo M.",,,,,,,,,,,,,,,,,,,,100.0%,,,,
,,,,,,137,28611,"Meyer, Terrence R.",,,,,,,,,,,,,,,,,,,,100.0%,,,,
,,,,,,166,13403,"Mukherjee, Partha P.",,,,,,,,,,,,,,,,,,,,100.0%,,,,
MGMT,MGMT-Management,19000,Empowering Women In Bus,202230,Summer 2022,001,30064,"Putman, Cara C.",,,,,,,,,,,,,,,,,1.8%,98.2%,,,,,,
,,,,,,002,31781,"Putman, Cara C.",1.7%,1.7%,,,,,,,,,,,,,,,1.7%,94.8%,,,,,,
,,20000,Intro Accounting,202230,Summer 2022,002,29252,"Koharki, Kevin J.",5.6%,33.3%,,,,16.7%,,11.1%,5.6%,11.1%,,5.6%,,,11.1%,,,,,,,,,
,,,,,,003,32027,"Maienbrook, Terra D.",26.1%,10.9%,,,11.8%,12.8%,7.6%,7.1%,3.8%,9.0%,1.4%,,3.3%,,3.8%,,,,,,,,2.4%,
,,,,,,004,32028,"Koharki, Kevin J.",16.4%,25.5%,5.5%,,12.7%,5.5%,10.9%,3.6%,3.6%,1.8%,,,,,3.6%,,,,,,,,10.9%,
,,20100,Mgmt Accounting I,202230,Summer 2022,Y01,10942,"Sorensen, R S.",18.2%,10.9%,4.5%,,10.9%,7.3%,19.1%,10.9%,0.9%,10.0%,0.9%,,0.9%,,1.8%,,,,,,,,2.7%,0.9%
,,21200,Business Accounting,202230,Summer 2022,Y01,10072,"Conroy, Paula J.",21.6%,21.6%,10.8%,,5.4%,13.5%,8.1%,8.1%,,2.7%,,,,,5.4%,,,,,,,,2.7%,
,,25400,Legal Found Business,202230,Summer 2022,Y01,10140,"Fisher, Clifford D.",5.3%,20.0%,1.3%,,9.3%,12.0%,8.0%,12.0%,6.7%,18.7%,,,,,1.3%,,,,,,,,5.3%,
,,29050,Professional Internship,202230,Summer 2022,001,10948,"Paul, Noel S.",,,,,,,,,,,,,,,,,,,,88.7%,5.7%,,5.7%,
,,30400,Intro To Financial Management,202230,Summer 2022,Y01,10949,"D'Almeida, Fabricio R.",14.8%,16.4%,,,8.2%,11.5%,21.3%,8.2%,8.2%,4.9%,1.6%,,,,1.6%,,,,,,,,3.3%,
,,30500,Business Statistics,202230,Summer 2022,001,32077,"Evans, Gary W.",4.0%,4.0%,,,20.0%,8.0%,12.0%,24.0%,12.0%,8.0%,,,,,8.0%,,,,,,,,,
,,,,,,Y01,10951,"Evans, Gary W.",9.1%,11.4%,4.5%,,11.4%,15.9%,6.8%,15.9%,11.4%,4.5%,,,,,4.5%,,,,,,,,4.5%,
,,31000,Financial Mgmt,202230,Summer 2022,Y01,10954,"D'Almeida, Fabricio R.",14.6%,16.7%,,,12.5%,8.3%,29.2%,4.2%,8.3%,4.2%,,,,,,,,,,,,,2.1%,
,,32300,Principles Of Marketing,202230,Summer 2022,001,32239,"Downey, Laura A.",31.8%,,,,38.6%,,,13.6%,,,9.1%,,,,6.8%,,,,,,,,,
,,35000,Intermediate Acctg I,202230,Summer 2022,Y01,10945,"Janes, Troy D.",13.6%,13.6%,9.1%,,31.8%,4.5%,9.1%,9.1%,,,,,,,4.5%,,,,,,,,4.5%,
,,35100,Intermediate Acctg II,202230,Summer 2022,Y01,10947,"Kregar, Michael",14.3%,57.1%,4.8%,,14.3%,,9.5%,,,,,,,,,,,,,,,,,
,,35200,Strategic Management,202230,Summer 2022,Y01,10014,"Burr, John F.",4.1%,16.3%,,,28.6%,4.1%,14.3%,6.1%,,10.2%,,,4.1%,,4.1%,,,,,,,,8.2%,
,,36100,Operations Management,202230,Summer 2022,001,10963,"Li, Jianing",18.8%,6.3%,,,26.6%,14.1%,12.5%,6.3%,4.7%,3.1%,1.6%,3.1%,,,,,,,,,,,3.1%,
,,38200,Mgmt & Informatn Systm,202230,Summer 2022,Y01,10964,"Wei, Zaiyan",14.1%,12.7%,7.0%,,21.1%,21.1%,8.5%,1.4%,2.8%,5.6%,,1.4%,1.4%,,2.8%,,,,,,,,,
,,39000,Intro To Mgmt Computng  BOP,202230,Summer 2022,BOP,10977,"Henry, Darren L.",42.3%,19.2%,15.4%,,7.7%,,11.5%,,,,,,,,,,,,,,,,3.8%,
,,39200,Optimize Pers Brand & Img,202230,Summer 2022,001,31847,"Boquist, Alexander W.",40.0%,28.0%,,,16.0%,8.0%,8.0%,,,,,,,,,,,,,,,,,
,,41100,Investments Management,202230,Summer 2022,001,31831,"Liu, Yan",13.3%,6.7%,23.3%,,3.3%,6.7%,13.3%,6.7%,10.0%,,6.7%,,,,,,,,,,,,10.0%,
,,41150,Futures And Options,202230,Summer 2022,001,31289,"Liu, Yan",12.8%,12.8%,10.3%,,12.8%,7.7%,17.9%,10.3%,5.1%,5.1%,5.1%,,,,,,,,,,,,,
,,44301,Management Of Human Resources,202230,Summer 2022,Y01,10966,"Chupp, Brian K.",25.0%,8.3%,4.2%,,16.7%,8.3%,12.5%,4.2%,,12.5%,,,,,,8.3%,,,,,,,,
,,44362,Leadership & Org Change,202230,Summer 2022,Y01,29729,"Williams, Henry E.",58.3%,16.7%,,,,,25.0%,,,,,,,,,,,,,,,,,
,,44428,Human Resources Mgmt,202230,Summer 2022,Y01,10970,"Chupp, Brian K.",7.4%,11.1%,14.8%,,22.2%,,18.5%,7.4%,,7.4%,,,,,,,,,,,,,11.1%,
,,45500,Legal Bkgrnd Bus I,202230,Summer 2022,Y01,29265,"Fisher, Clifford D.",5.3%,5.3%,5.3%,,26.3%,42.1%,15.8%,,,,,,,,,,,,,,,,,
,,47300,Data Mining,202230,Summer 2022,Y01,11276,"Lanham, Matthew A.",23.1%,30.8%,,,15.4%,7.7%,15.4%,7.7%,,,,,,,,,,,,,,,,
,,52020,Anlytcs For Mktg Mgr,202230,Summer 2022,002,32046,"Lee, Jinsuh",14.6%,18.8%,2.1%,,2.1%,2.1%,12.5%,,47.9%,,,,,,,,,,,,,,,
,,52500,Marketing Analytics,202230,Summer 2022,001,32038,"Dai, Weijia",23.0%,16.4%,,,36.1%,6.6%,18.0%,,,,,,,,,,,,,,,,,
,,58600,Python Programming,202230,Summer 2022,001,32232,"Wang, Yang",19.2%,11.5%,3.8%,,19.2%,7.7%,38.5%,,,,,,,,,,,,,,,,,
,,,,,,B03,30028,"Wang, Yang",9.7%,22.6%,9.7%,,22.6%,16.1%,19.4%,,,,,,,,,,,,,,,,,
,,,,,,B04,31738,"Wang, Yang",9.7%,9.7%,22.6%,,25.8%,3.2%,29.0%,,,,,,,,,,,,,,,,,
,,59000,Cloud Marketing,202230,Summer 2022,004,31844,"Lee, Jinsuh",58.3%,12.5%,,,8.3%,8.3%,12.5%,,,,,,,,,,,,,,,,,
,,59699,MS Internship,202230,Summer 2022,002,11222,"Schukraft, Jennifer L.",,,,,,,,,,,,,,,,,,,,100.0%,,,,
,,60000,Accounting For Managers,202230,Summer 2022,001,31846,"Sorensen, R S.",37.5%,12.5%,8.3%,,8.3%,8.3%,16.7%,4.2%,,4.2%,,,,,,,,,,,,,,
,,61000,Financial Management,202230,Summer 2022,001,31317,"Boquist, Alexander W.",29.2%,4.2%,,,29.2%,,37.5%,,,,,,,,,,,,,,,,,
,,61400,Investments,202230,Summer 2022,004,31321,"Gulen, Huseyin",30.8%,11.5%,3.8%,,34.6%,,15.4%,,,,,,,,3.8%,,,,,,,,,
,,62000,Marketing Management,202230,Summer 2022,001,32005,"Mcquiston, Daniel H.",8.5%,57.4%,,,17.0%,6.4%,10.6%,,,,,,,,,,,,,,,,,
,,,,,,002,32040,"Kar, Wreetabrata",14.9%,25.5%,,,23.4%,8.5%,25.5%,,,,,,,,,2.1%,,,,,,,,
,,,,,,003,32278,"Mcquiston, Daniel H.",21.7%,28.3%,,,30.4%,,19.6%,,,,,,,,,,,,,,,,,
,,,,,,004,32291,"Mcquiston, Daniel H.",39.5%,21.1%,,,18.4%,,15.8%,2.6%,,,,,,,,,,,,,,,2.6%,
,,,,,,005,32292,"Mcquiston, Daniel H.",27.1%,5.1%,,,57.6%,,8.5%,1.7%,,,,,,,,,,,,,,,,
,,67000,Business Analytics,202230,Summer 2022,001,32200,"Tang, Kwei",13.0%,26.1%,13.0%,,26.1%,4.3%,17.4%,,,,,,,,,,,,,,,,,
,,,,,,002,32202,"Tawarmalani, Mohit",17.0%,17.0%,9.4%,,37.7%,3.8%,11.3%,3.8%,,,,,,,,,,,,,,,,
,,,,,,003,32203,"Tawarmalani, Mohit",15.7%,11.8%,5.9%,,37.3%,5.9%,21.6%,2.0%,,,,,,,,,,,,,,,,
,,67200,Advanced Business Analytics,202230,Summer 2022,001,31833,"Zhu, Zhiwei",13.9%,22.2%,,,27.8%,8.3%,27.8%,,,,,,,,,,,,,,,,,
,,68300,IT Innov And Comp Advantage,202230,Summer 2022,002,32183,"Dehondt, Gerald R.",4.8%,23.8%,,,,,71.4%,,,,,,,,,,,,,,,,,
,,,,,,003,32184,"Dehondt, Gerald R.",8.2%,45.9%,,,1.6%,,44.3%,,,,,,,,,,,,,,,,,
MSE,MSE-Materials Engineering,23000,Struc & Prop Of Mat,202230,Summer 2022,001,14455,"Trice, Rodney W.",33.8%,,4.1%,,37.8%,,8.1%,4.1%,,4.1%,2.7%,,,,2.7%,,,,,,,,2.7%,
,,33000,Process & Prop Of Materials,202230,Summer 2022,002,14367,"Morales Espejo, Jesus H.",27.3%,18.2%,27.3%,,9.1%,,9.1%,,9.1%,,,,,,,,,,,,,,,
,,69900,Research PhD Thesis,202230,Summer 2022,048,12051,"Wang, Haiyan",,,,,,,,,,,,,,,,,,,,100.0%,,,,
MUS,MUS-Music History & Theory,25000,Music Appreciation,202230,Summer 2022,Y03,21965,"Monical, Dwight L.",72.7%,,,,21.2%,,,,,,,,,,,3.0%,,,,,,,3.0%,
NUCL,NUCL-Nuclear Engineering,27300,Mechanics Of Materials,202230,Summer 2022,001,10649,"Lopez-De-Bertodano, Martin A.",19.4%,19.4%,45.2%,,,3.2%,12.9%,,,,,,,,,,,,,,,,,
NUR,NUR-Nursing,31401,Adult Nursing I,202230,Summer 2022,001,12070,"Ailor, Mark A.",30.0%,,,,70.0%,,,,,,,,,,,,,,,,,,,
,,31501,Nur Childbearing Families,202230,Summer 2022,002,12073,"Garringer, Cynthia J.",37.9%,,,,58.6%,,,3.4%,,,,,,,,,,,,,,,,
,,31601,Integration Seminar I,202230,Summer 2022,001,11336,"Garringer, Cynthia J.",93.1%,,,,3.4%,,,3.4%,,,,,,,,,,,,,,,,
,,41401,Pediatric Nursing,202230,Summer 2022,001,29100,"Johnson, Rebecca C.",57.1%,,,,42.9%,,,,,,,,,,,,,,,,,,,
,,41501,Public Health Nursing,202230,Summer 2022,003,29107,"Ajuwon, Abidemi Mary",100.0%,,,,,,,,,,,,,,,,,,,,,,,
,,51100,Health Promo APN,202230,Summer 2022,007,12078,"Ross, Karla C.",60.6%,,,,39.4%,,,,,,,,,,,,,,,,,,,
,,51300,Hlth Promo Spec Popul,202230,Summer 2022,003,12079,"Ross, Karla C.",100.0%,,,,,,,,,,,,,,,,,,,,,,,
,,51500,Hlth Prom Pediatrc Pop,202230,Summer 2022,006,12160,"Coddington, Jennifer A.",100.0%,,,,,,,,,,,,,,,,,,,,,,,
,,62400,Evidence-Based Practice,202230,Summer 2022,001,12866,"Abrahamson, Kathleen A.",94.4%,,,,5.6%,,,,,,,,,,,,,,,,,,,
,,64100,Principles Of Epidemiology,202230,Summer 2022,002,13921,"Xu, Dongjuan",87.5%,,,,12.5%,,,,,,,,,,,,,,,,,,,
,,64200,Systems Approaches In Healthca,202230,Summer 2022,002,29229,"Mccomb, Sara A.",100.0%,,,,,,,,,,,,,,,,,,,,,,,
,,67400,"Qual, Leader And APN",202230,Summer 2022,002,15174,"Sorg, Margaret J.",100.0%,,,,,,,,,,,,,,,,,,,,,,,
NUTR,NUTR-Nutrition Science,30300,Essentials Of Nutr,202230,Summer 2022,Y01,11902,"Burgess, John R.",31.8%,31.8%,4.5%,,,4.5%,13.6%,,4.5%,4.5%,,,,,4.5%,,,,,,,,,
,,,,,,Y02,11903,"Burgess, John R.",31.8%,4.5%,22.7%,,13.6%,,9.1%,4.5%,,4.5%,,,,,4.5%,,,,,,,,4.5%,
,,,,,,Y03,16463,"Burgess, John R.",21.7%,8.7%,17.4%,,4.3%,8.7%,8.7%,4.3%,4.3%,4.3%,,,4.3%,,,4.3%,,4.3%,,,,,4.3%,
,,,,,,Y04,22721,"Burgess, John R.",26.1%,17.4%,13.0%,,13.0%,4.3%,8.7%,,,4.3%,,,,,8.7%,,,,,,,,4.3%,
,,,,,,Y05,24199,"Burgess, John R.",13.0%,17.4%,17.4%,,13.0%,8.7%,,8.7%,4.3%,8.7%,,,4.3%,,4.3%,,,,,,,,,
,,,,,,Y06,11939,"Burgess, John R.",13.6%,22.7%,22.7%,,13.6%,13.6%,4.5%,,,,,,,,9.1%,,,,,,,,,
,,31500,Fund Of Nutrition,202230,Summer 2022,001,13341,"Furiya, Alvin J.",23.8%,23.8%,28.6%,,,,23.8%,,,,,,,,,,,,,,,,,
,,43700,Macronutrient Metab,202230,Summer 2022,002,24220,"Cross, Tzu Wen L.",20.7%,17.2%,6.9%,,10.3%,3.4%,31.0%,3.4%,,3.4%,,,3.4%,,,,,,,,,,,
OBHR,OBHR-Orgnztnl Bhvr &Hum Resrce,33000,Intro To Org Behavior,202230,Summer 2022,Y01,25778,"Ying, Jonathan G.",27.7%,10.8%,3.1%,,27.7%,1.5%,15.4%,4.6%,1.5%,,1.5%,,1.5%,,,,,,,,,,4.6%,
OLS,OLS-Organiz Ldrshp&Supervision,38600,Ldrshp For Org Change & Innov,202230,Summer 2022,010,31808,"Hutcheson, John S.",64.0%,,,,32.0%,,,,,,4.0%,,,,,,,,,,,,,
,,47700,Conflict Management,202230,Summer 2022,001,29519,"Samson, William A.",16.7%,5.6%,55.6%,,,,5.6%,,,,,,,,16.7%,,,,,,,,,
PES,PES-Physical Education Skills,11100,Lifetime Fitness,202230,Summer 2022,008,11878,"Pritt, Tyler D.",75.9%,,,,3.4%,,6.9%,6.9%,,3.4%,,,,,,,,,,,,,3.4%,
,,11600,"Tennis, Beginner",202230,Summer 2022,003,11453,"Braden, Joseph M.",,,81.8%,,,,,,,,,,,,,,,,,,,,18.2%,
PHIL,PHIL-Philosophy,11000,Big Questions: Intro To Phil,202230,Summer 2022,001,10653,"Azizi, Ali",21.1%,5.3%,10.5%,,26.3%,15.8%,10.5%,10.5%,,,,,,,,,,,,,,,,
,,,,,,002,10322,"Cordry, Duncan R.",16.7%,27.8%,11.1%,,16.7%,,22.2%,,,,,,,,5.6%,,,,,,,,,
,,11005,Intro Phil Through Video Games,202230,Summer 2022,001,32053,"Resto Quinones, Jashiel E.",7.1%,42.9%,,,7.1%,7.1%,21.4%,,,,,,,,14.3%,,,,,,,,,
,,11100,Introduction To Ethics,202230,Summer 2022,004,22015,"Brown, Mary E.",48.6%,,37.1%,,11.4%,2.9%,,,,,,,,,,,,,,,,,,
,,11400,Global Moral Issues,202230,Summer 2022,001,24118,"Knuckles, Abigail F.",21.1%,13.2%,18.4%,,13.2%,5.3%,13.2%,,,7.9%,,,,,7.9%,,,,,,,,,
,,15000,Principles Of Logic,202230,Summer 2022,001,10682,"Yang, Chen",10.0%,,25.0%,,25.0%,,10.0%,,,10.0%,,,,,10.0%,,,,,,,,10.0%,
,,27000,Biomed Ethics,202230,Summer 2022,001,10443,"Vrabely, Alex T.",44.4%,14.8%,29.6%,,5.6%,1.9%,,1.9%,,,,,,,,,,,,,,,1.9%,
,,29000,Environmental Ethics,202230,Summer 2022,001,10323,"Elmore, Benjamin A.",21.4%,21.4%,28.6%,,7.1%,,,7.1%,,,,,7.1%,,,,,,,,,,7.1%,
PHRM,PHRM-Pharmacy,84200,Community Pharmacy IPPE,202230,Summer 2022,001,31618,"Shepler, Brian M.",,,,,,,,,,,,,,,,,,100.0%,,,,,,
,,,,,,002,31635,"Shepler, Brian M.",,,,,,,,,,,,,,,,,,100.0%,,,,,,
,,,,,,003,31636,"Shepler, Brian M.",,,,,,,,,,,,,,,,,,100.0%,,,,,,
,,86200,Institutional Pharmacy IPPE,202230,Summer 2022,001,29744,"Shepler, Brian M.",,,,,,,,,,,,,,,,,,100.0%,,,,,,
,,,,,,002,31637,"Shepler, Brian M.",,,,,,,,,,,,,,,,,,100.0%,,,,,,
,,,,,,003,31638,"Shepler, Brian M.",,,,,,,,,,,,,,,,,,100.0%,,,,,,
,,87400,Interprofessional Education V,202230,Summer 2022,001,31639,"Weber, Zachary A.",,,,,,,,,,,,,,,,,,94.4%,5.6%,,,,,
,,,,,,002,31640,"Weber, Zachary A.",,,,,,,,,,,,,,,,,,100.0%,,,,,,
,,,,,,003,31641,"Weber, Zachary A.",,,,,,,,,,,,,,,,,,100.0%,,,,,,
,,88000,Adv Pharm Practice Exp,202230,Summer 2022,001,20853,"Shepler, Brian M.",,,,,,,,,,,,,,,,,,100.0%,,,,,,
,,,,,,002,20854,"Shepler, Brian M.",,,,,,,,,,,,,,,,,,100.0%,,,,,,
,,,,,,010,11800,"Shepler, Brian M.",,,,,,,,,,,,,,,,,,100.0%,,,,,,
PHYS,PHYS-Physics,17200,Modern Mechanics,202230,Summer 2022,009,10471,"Rebello, Nobel S.",11.8%,10.8%,2.9%,,10.8%,9.8%,11.8%,6.9%,5.9%,7.8%,1.0%,1.0%,2.9%,,4.9%,2.0%,,,,,,,9.8%,
,,22000,Gen Physics,202230,Summer 2022,007,31826,"Devabathini, Pavani",9.2%,5.2%,9.2%,,8.7%,9.8%,9.2%,10.4%,7.5%,7.5%,2.9%,1.7%,5.8%,,7.5%,,0.6%,1.7%,,,,,2.9%,
,,22100,Gen Physics,202230,Summer 2022,006,31827,"Konakanchi, Shiva Teja",6.6%,9.8%,14.8%,,9.8%,11.5%,9.8%,4.9%,3.3%,8.2%,6.6%,1.6%,4.9%,,1.6%,1.6%,,1.6%,,,,,3.3%,
,,24100,Electricity Optics,202230,Summer 2022,001,31742,"Newton, Jared R.",31.4%,18.2%,11.7%,,11.7%,4.4%,15.9%,1.7%,0.4%,2.5%,0.2%,,0.6%,,0.8%,,,,,,,,0.6%,
,,27200,E&M Interactions,202230,Summer 2022,005,31828,"Bowyer, Ian A.",15.3%,21.4%,22.1%,,6.9%,6.9%,6.9%,0.8%,,6.9%,0.8%,,2.3%,,5.3%,,,,,,,,3.8%,0.8%
POL,POL-Political Science,10100,American Government,202230,Summer 2022,010,31376,"Davis, Erik J.",33.3%,22.2%,22.2%,,5.6%,,5.6%,,,5.6%,,,5.6%,,,,,,,,,,,
,,,,,,011,31377,"Mukherjee, Mitushi",70.4%,14.8%,,,3.7%,7.4%,,,,,,,,,3.7%,,,,,,,,,
,,12000,Intr Pub Pol-Pub Admin,202230,Summer 2022,Y01,24425,"Karageorge, Kaleigh A.",54.2%,,20.8%,,8.3%,,8.3%,,,4.2%,,,,,4.2%,,,,,,,,,
,,13000,Intro To Int Reltns,202230,Summer 2022,Y01,24008,"Ellis, Matthew K.",33.3%,8.3%,,,16.7%,16.7%,,,,8.3%,,,,,8.3%,,,8.3%,,,,,,
,,,,,,Y02,24009,"Sistek, Hanna",13.3%,6.7%,,,20.0%,13.3%,6.7%,,,6.7%,6.7%,,6.7%,,6.7%,,,,,,,,13.3%,
,,14100,Govts Of The World,202230,Summer 2022,Y01,22467,"Megson, John W.",9.1%,18.2%,18.2%,,9.1%,,36.4%,9.1%,,,,,,,,,,,,,,,,
,,22200,Wom Pol And Publ Pol,202230,Summer 2022,Y01,22463,"Lusvardi, Amber N.",40.0%,13.3%,26.7%,,,,6.7%,6.7%,,,,,,,6.7%,,,,,,,,,
,,22300,Intr Environmental Pol,202230,Summer 2022,001,28413,"Young, Kayla M.",60.6%,15.2%,9.1%,,3.0%,3.0%,6.1%,,,,,,,,,3.0%,,,,,,,,
,,,,,,002,31390,"Kurtz, Reed M.",21.4%,28.6%,,,,14.3%,14.3%,,7.1%,,,,,,7.1%,,,,,,,,7.1%,
,,,,,,Y02,22468,"Bernard, Mazie M.",23.1%,,38.5%,,7.7%,7.7%,7.7%,,,15.4%,,,,,,,,,,,,,,
,,23100,Intro U S For Policy,202230,Summer 2022,001,31621,"Wilhelm, Alexander T.",25.0%,16.7%,25.0%,,,16.7%,16.7%,,,,,,,,,,,,,,,,,
,,23500,Rich And Poor Nations,202230,Summer 2022,Y02,24289,"Kuffuor, Owura K.",39.1%,8.7%,47.8%,,,,,,,,,,,,4.3%,,,,,,,,,
,,23700,Mod Weapons & Intl Rel,202230,Summer 2022,Y01,24005,"Kunkel, Adam J.",21.2%,21.2%,,,21.2%,,12.1%,3.0%,3.0%,9.1%,6.1%,,,,3.0%,,,,,,,,,
,,30000,Intro Polit Analysis,202230,Summer 2022,001,12666,"Grubbs, Samuel J.",16.7%,5.6%,11.1%,,5.6%,5.6%,,5.6%,5.6%,11.1%,5.6%,,,,22.2%,,,,,,,,5.6%,
,,32700,Global Green Politics,202230,Summer 2022,001,12667,"Felder, Jessica M.",57.1%,10.7%,,,14.3%,,10.7%,,,,,,,,,3.6%,,,,,,,3.6%,
,,,,,,002,31392,"Kurtz, Reed M.",33.3%,23.3%,,,6.7%,3.3%,23.3%,,,3.3%,,,,,3.3%,,,,,,,,3.3%,
,,,,,,Y01,24001,"Walker, Christina P.",19.0%,14.3%,38.1%,,4.8%,,9.5%,,,,4.8%,,,,4.8%,,,,,,,,4.8%,
,,42900,Washington DC Practicum,202230,Summer 2022,002,32049,"Langrish, Andrea D.",72.7%,18.2%,,,,,9.1%,,,,,,,,,,,,,,,,,
PSY,PSY-Psychological Sciences,12000,Elementary Psychology,202230,Summer 2022,004,28404,"Hollich, George J.",10.4%,3.1%,62.5%,,6.3%,,4.2%,1.0%,1.0%,,1.0%,,,,2.1%,8.3%,,,,,,,,
,,,,,,Y01,23023,"Hollich, George J.",20.0%,,65.0%,,2.5%,2.5%,,,,,,,,,2.5%,5.0%,,,,,,,2.5%,
,,,,,,Y02,11788,"Dashineau, Samantha C.",21.1%,21.1%,23.7%,,5.3%,5.3%,10.5%,5.3%,,2.6%,,,,,2.6%,,,,,,,,2.6%,
,,,,,,Y03,24233,"Bachman, Brent B.",38.2%,,,,29.4%,,,11.8%,,,5.9%,,,,2.9%,,,,,,,,8.8%,2.9%
,,,,,,Y04,11234,"Henares, Regina Marie Dominique R.",84.8%,,,,9.1%,,,6.1%,,,,,,,,,,,,,,,,
,,,,,,Y05,30889,"Taggart, Rachel S.",21.4%,7.1%,39.3%,,3.6%,,7.1%,3.6%,3.6%,3.6%,,,,,7.1%,,,,,,,,3.6%,
,,,,,,Y06,31661,"Swisher, Melissa J.",66.0%,,2.1%,,23.4%,,,6.4%,,,,,,,,,,,,,,,2.1%,
,,,,,,Y07,32804,"Balling, Caroline E.",30.8%,11.5%,23.1%,,3.8%,3.8%,11.5%,,,7.7%,,,,,3.8%,,,,,,,,3.8%,
,,20000,Intro Cogn Psych,202230,Summer 2022,003,14020,"Macias, Gia M.",43.2%,16.2%,8.1%,,16.2%,2.7%,,2.7%,,,,,,,5.4%,,,,,,,,5.4%,
,,,,,,004,14397,"Coverdale, Michelle E.",14.7%,14.7%,5.9%,,11.8%,8.8%,2.9%,11.8%,2.9%,14.7%,,2.9%,2.9%,,2.9%,,,,,,,,2.9%,
,,,,,,005,29575,"Macias, Gia M.",39.5%,9.3%,14.0%,,9.3%,2.3%,9.3%,2.3%,4.7%,4.7%,,,,,4.7%,,,,,,,,,
,,20100,Intro To Stat In Psych,202230,Summer 2022,001,13283,"Mcgough, Daniel L.",31.8%,9.1%,,,4.5%,13.6%,13.6%,,,9.1%,,,,,13.6%,,,,,,,,4.5%,
,,20300,Intro Res Meth In Psy,202230,Summer 2022,005,31685,"Swisher, Melissa J.",30.4%,,,,30.4%,,4.3%,26.1%,,,,,,,4.3%,,,,,,,,4.3%,
,,22200,Intro Behvr Neurosci,202230,Summer 2022,003,10737,"Kinzig, Kimberly P.",45.2%,6.5%,3.2%,,6.5%,,16.1%,16.1%,,,,,,,,,,,,,,,6.5%,
,,,,,,004,27415,"Kinzig, Kimberly P.",59.1%,,9.1%,,18.2%,4.5%,,4.5%,,,2.3%,,,,,,,,,,,,2.3%,
,,23500,Child Psychology,202230,Summer 2022,Y01,18280,"Hollich, George J.",61.7%,4.3%,12.8%,,2.1%,,,2.1%,,,,,,,,12.8%,,,,,,,4.3%,
,,23900,Psych Of Women,202230,Summer 2022,Y01,10733,"Gulker, Jill E.",20.5%,17.9%,33.3%,,2.6%,5.1%,12.8%,5.1%,,,,,,,2.6%,,,,,,,,,
,,24000,Intro Social Psych,202230,Summer 2022,001,11181,"Henares, Regina Marie Dominique R.",70.8%,,,,20.8%,,,4.2%,,,4.2%,,,,,,,,,,,,,
,,,,,,002,11226,"Hildebrand, Laura K.",33.3%,12.5%,33.3%,,,,,4.2%,,,,,,,16.7%,,,,,,,,,
,,27200,Intro To Ind-Org Psych,202230,Summer 2022,004,31665,"White, Jerod C.",37.0%,7.4%,3.7%,,22.2%,3.7%,7.4%,3.7%,7.4%,3.7%,,,,,3.7%,,,,,,,,,
,,,,,,005,32530,"Thapa Magar, Stuti",16.7%,,12.5%,,16.7%,8.3%,4.2%,4.2%,,12.5%,,8.3%,4.2%,,12.5%,,,,,,,,,
,,33500,Stereotyping And Prej,202230,Summer 2022,Y03,25101,"Gulker, Jill E.",11.8%,29.4%,17.6%,,5.9%,5.9%,5.9%,5.9%,,,,,5.9%,,,,,,,,,,,11.8%
,,34200,Psych Of Personality,202230,Summer 2022,002,27841,"Assaad, Lily",8.3%,8.3%,72.9%,,,,6.3%,,,,2.1%,,,,,,,,,,,,2.1%,
,,35000,Abnormal Psychology,202230,Summer 2022,Y01,11110,"Maloney, Molly",47.4%,10.5%,,,10.5%,5.3%,15.8%,10.5%,,,,,,,,,,,,,,,,
,,,,,,Y02,11112,"Eckhardt, Christopher I.",55.0%,5.0%,37.5%,,,,,,2.5%,,,,,,,,,,,,,,,
,,,,,,Y03,12926,"Harold, Roslyn B.",57.1%,19.0%,9.5%,,4.8%,,4.8%,,4.8%,,,,,,,,,,,,,,,
,,,,,,Y04,14448,"Bradley, Eboni",42.1%,,10.5%,,10.5%,,10.5%,5.3%,,5.3%,,5.3%,,,10.5%,,,,,,,,,
,,43800,Intro To Clinical Psychology,202230,Summer 2022,001,12225,"Foti, Daniel J.",50.0%,16.7%,,,6.7%,6.7%,10.0%,,,3.3%,3.3%,3.3%,,,,,,,,,,,,
PUBH,PUBH-Public Health,48000,Internship Public Health,202230,Summer 2022,001,29702,"Amell, James W.",83.3%,5.6%,,,,5.6%,,,,,,,,,,5.6%,,,,,,,,
,,60700,Public Health Practicum,202230,Summer 2022,002,30226,"Amell, James W.",85.7%,3.6%,,,,,,,,,,,,,,10.7%,,,,,,,,
SCLA,SCLA-Studies Coll Liberal Arts,10100,Crit Think & Com I,202230,Summer 2022,008,29659,"Turco, Jeffrey",44.4%,14.8%,7.4%,,,3.7%,3.7%,3.7%,,,,,3.7%,,11.1%,,,,,,,,7.4%,
,,,,,,019,31441,"Conner, Daniel A.",30.0%,6.7%,3.3%,,16.7%,6.7%,16.7%,,3.3%,6.7%,,,,,6.7%,,,,,,,,3.3%,
,,,,,,021,31443,"Frank, Daniel H.",82.8%,10.3%,,,6.9%,,,,,,,,,,,,,,,,,,,
,,,,,,024,31720,"Turco, Jeffrey",58.6%,3.4%,,,10.3%,,13.8%,,3.4%,,,,,,3.4%,,,,,,,,6.9%,
,,,,,,025,31721,"Tompkins, John C.",69.0%,,,,20.7%,,,3.4%,,,3.4%,,,,3.4%,,,,,,,,,
,,,,,,026,32442,"Leverage, Paula E.",23.3%,16.7%,13.3%,,33.3%,3.3%,6.7%,,,,,,,,3.3%,,,,,,,,,
,,,,,,027,32807,"Stringer, Ryan M.",10.3%,27.6%,3.4%,,6.9%,13.8%,6.9%,3.4%,,6.9%,,,6.9%,,10.3%,,,,,,,,3.4%,
,,10200,Crit Think & Com II,202230,Summer 2022,001,12663,"Purpura, Ashley M.",37.9%,20.7%,24.1%,,,,10.3%,,,,,,,,6.9%,,,,,,,,,
,,,,,,006,29662,"Connaughton, Stacey L.",63.0%,7.4%,,,3.7%,,3.7%,,3.7%,7.4%,,3.7%,,,3.7%,,,,,,,,3.7%,
,,,,,,027,32029,"Mayes, Amanda S.",50.0%,9.1%,,,9.1%,,4.5%,,4.5%,,,,,,18.2%,,,,,,,,4.5%,
,,,,,,028,32030,"Hamm, Lindsay M.",36.4%,9.1%,27.3%,,9.1%,4.5%,4.5%,,,4.5%,,,,,,,,,,,,,4.5%,
,,,,,,029,32031,"Mann, Marcus L.",45.5%,18.2%,,,,4.5%,13.6%,4.5%,,,,4.5%,,,4.5%,,,,,,,,4.5%,
,,,,,,030,32424,"Mann, Marcus L.",73.9%,8.7%,,,,4.3%,4.3%,,,,,,,,4.3%,,,,,,,,4.3%,
SLHS,"SLHS-Speech, Lang&Hear Science",11500,Intro Comm Disorders,202230,Summer 2022,002,12960,"Masters, Christi M.",9.1%,18.2%,18.2%,,,18.2%,36.4%,,,,,,,,,,,,,,,,,
,,44900,Intro Cln Prac Com Dis,202230,Summer 2022,001,29096,"Gritt, Anne M.",14.3%,14.3%,21.4%,,14.3%,,28.6%,,7.1%,,,,,,,,,,,,,,,
,,51800,Counseling Slp & Aud,202230,Summer 2022,001,29157,"Bauer Malandraki, Jaime L.",100.0%,,,,,,,,,,,,,,,,,,,,,,,
,,53300,Medical Speech-Lang Pathology,202230,Summer 2022,001,29294,"Wetzel, Dawn E.",35.0%,40.0%,20.0%,,5.0%,,,,,,,,,,,,,,,,,,,
,,54300,Literacy Disorders,202230,Summer 2022,001,29296,"Greenwell, Charna T.",23.1%,30.8%,46.2%,,,,,,,,,,,,,,,,,,,,,
,,64900,Slp Healthcare Extern,202230,Summer 2022,001,13853,"Bauer Malandraki, Jaime L.",,,,,,,,,,,,,,,,,,100.0%,,,,,,
SOC,SOC-Sociology,10000,Intro Sociology,202230,Summer 2022,008,10744,"Kotanko, Adam",76.9%,11.5%,,,,,7.7%,,,,,,,,,,,,,,,,3.8%,
,,,,,,009,10560,"Hamm, Lindsay M.",29.2%,16.7%,14.6%,,12.5%,6.3%,6.3%,,4.2%,4.2%,,,,,4.2%,,,,,,,,2.1%,
,,,,,,019,30894,"Mikoski, Charissa A.",73.8%,11.5%,,,3.3%,,4.9%,,1.6%,,,,,,,,,,,,,,4.9%,
,,,,,,020,31611,"Bell, Mallory J.",16.7%,11.1%,27.8%,,16.7%,5.6%,11.1%,,,,5.6%,,,,5.6%,,,,,,,,,
,,,,,,021,31657,"Rudel, Daniel G.",25.5%,6.4%,51.1%,,2.1%,,2.1%,,2.1%,2.1%,2.1%,2.1%,,,,,,,,,,,4.3%,
,,,,,,022,31658,"Kincaid, Reilly K.",14.3%,3.6%,64.3%,,1.8%,1.8%,5.4%,3.6%,,,,,1.8%,,1.8%,1.8%,,,,,,,,
,,,,,,031,33078,"Rochford, Ellen G.",28.6%,11.9%,35.7%,,2.4%,2.4%,7.1%,,,2.4%,,2.4%,,,4.8%,,,,,,,,2.4%,
,,22000,Social Problems,202230,Summer 2022,005,29172,"Frame, Nicole M.",48.5%,24.2%,,,3.0%,6.1%,15.2%,,,3.0%,,,,,,,,,,,,,,
,,,,,,006,29665,"Hamm, Lindsay M.",17.2%,6.9%,44.8%,,,,3.4%,5.2%,,3.4%,1.7%,3.4%,,,10.3%,,,,,,,,3.4%,
,,31000,Race And Ethnicity,202230,Summer 2022,001,31745,"Hosier, Curtis D.",15.9%,25.4%,7.9%,,12.7%,9.5%,15.9%,1.6%,1.6%,3.2%,4.8%,,,,,,,,,,,,1.6%,
,,32400,Criminology,202230,Summer 2022,001,29023,"Pawson, Mark P.",33.9%,16.1%,1.6%,,11.3%,3.2%,21.0%,3.2%,,1.6%,,,3.2%,,3.2%,,,,,,,,1.6%,
,,32800,Criminal Justice,202230,Summer 2022,001,10929,"Galloway, Scott D.",50.0%,27.1%,,,4.2%,2.1%,6.3%,,,4.2%,,,2.1%,,2.1%,2.1%,,,,,,,,
,,33400,Urban Sociology,202230,Summer 2022,001,12224,"Pawson, Mark P.",9.1%,4.5%,27.3%,,18.2%,9.1%,18.2%,,,,4.5%,,,,9.1%,,,,,,,,,
,,35200,"Drugs,Culture,&Society",202230,Summer 2022,001,31267,"Pite, Renee",33.3%,15.6%,,,17.8%,8.9%,8.9%,4.4%,2.2%,4.4%,,2.2%,2.2%,,,,,,,,,,,
,,38200,Intro Statistics In Sociology,202230,Summer 2022,001,20984,"Zaborenko, Callie J.",15.4%,7.7%,23.1%,,2.6%,15.4%,5.1%,2.6%,2.6%,,5.1%,2.6%,,,5.1%,,,,,,,,12.8%,
,,38300,Intro Research Methods In Soc,202230,Summer 2022,001,29025,"Rudel, Daniel G.",22.2%,16.7%,11.1%,,16.7%,5.6%,5.6%,5.6%,,11.1%,,,,,,,,,,,,,5.6%,
,,40200,Sociological Theory,202230,Summer 2022,001,29701,"Frase, Robert T.",37.5%,,43.8%,,,,12.5%,,,6.3%,,,,,,,,,,,,,,
,,42900,Sociology Of Protest,202230,Summer 2022,001,31268,"Hudgens, Baylee D.",15.4%,7.7%,23.1%,,,15.4%,7.7%,7.7%,,,,,7.7%,,7.7%,,,,,,,,7.7%,
SPAN,SPAN-Spanish,10100,Spanish Level I,202230,Summer 2022,003,12121,"Zanelli, Dafne",31.3%,12.5%,12.5%,,6.3%,18.8%,,6.3%,6.3%,,,,,,,,,,,,,,6.3%,
,,,,,,004,29013,"Papiashvili, Megi",27.8%,22.2%,11.1%,,22.2%,,,,,5.6%,,,,,11.1%,,,,,,,,,
,,10200,Spanish Level II,202230,Summer 2022,004,12127,"Gomez Alzate, Edier",64.3%,7.1%,,,,,14.3%,,7.1%,,,,,,,,,7.1%,,,,,,
,,,,,,005,29014,"Brito Santos, Thiago",13.6%,27.3%,,,13.6%,13.6%,4.5%,4.5%,9.1%,,4.5%,4.5%,,,,,,,,,,,4.5%,
,,,,,,006,32445,"Solano Escobar, Laura M.",33.3%,16.7%,,,16.7%,,25.0%,8.3%,,,,,,,,,,,,,,,,
,,20100,Spanish Level III,202230,Summer 2022,004,14508,"Gary-Camargo, Gabriel E.",64.7%,17.6%,,,5.9%,,5.9%,,,5.9%,,,,,,,,,,,,,,
,,,,,,007,30046,"Parra, Santiago",33.3%,20.0%,,,6.7%,,6.7%,13.3%,,13.3%,,,,,,,,6.7%,,,,,,
,,,,,,009,30391,"Perez de Jesus, Jorge D.",36.8%,26.3%,,,15.8%,,5.3%,15.8%,,,,,,,,,,,,,,,,
,,,,,,010,31458,"Quiroga Varon, Jhon H.",18.2%,22.7%,,,13.6%,4.5%,,13.6%,9.1%,,,,,,9.1%,,4.5%,,,,,,4.5%,
,,,,,,011,32446,"Carmona, Anderson C.",11.8%,17.6%,,,11.8%,11.8%,23.5%,11.8%,5.9%,,,,,,,,,,,,,,5.9%,
,,20200,Spanish Level IV,202230,Summer 2022,004,14509,"Aubeneau, Nelida",19.0%,14.3%,,,14.3%,4.8%,4.8%,9.5%,4.8%,4.8%,4.8%,4.8%,4.8%,,,,,,,,,,9.5%,
,,,,,,005,15064,"Reyes, Nancy J.",13.6%,18.2%,,,13.6%,18.2%,9.1%,9.1%,4.5%,,4.5%,,,,9.1%,,,,,,,,,
,,,,,,006,31459,"Guzman Ruiz, Miluska",9.5%,9.5%,,,28.6%,23.8%,14.3%,4.8%,4.8%,,,,,,,,,,,,,,4.8%,
,,24100,Intro To Hispanic Lit,202230,Summer 2022,001,12130,"Rodríguez de jesús, Alejandro",15.4%,23.1%,23.1%,,15.4%,7.7%,,,,,7.7%,,,,7.7%,,,,,,,,,
,,30100,Spanish Level V,202230,Summer 2022,002,14481,"Paez Urbano, Kely Y.",14.3%,14.3%,,7.1%,21.4%,21.4%,,7.1%,,,,,7.1%,,,,,,,,,,7.1%,
,,30200,Spanish Level VI,202230,Summer 2022,001,31461,"Encarnacion Nunez, Stalin A.",33.3%,,,,16.7%,25.0%,16.7%,,,8.3%,,,,,,,,,,,,,,
,,32100,Intro Spanish For Professions,202230,Summer 2022,001,29019,"Borba, Debora M.",20.0%,20.0%,6.7%,,26.7%,,13.3%,,6.7%,,,,,,6.7%,,,,,,,,,
,,,,,,002,31462,"Pina Palacio, Lorena",37.5%,31.3%,12.5%,,12.5%,,6.3%,,,,,,,,,,,,,,,,,
,,32500,Spanish Engineering Technology,202230,Summer 2022,001,12139,"Rios-Rojas, Gabriel O.",28.6%,21.4%,42.9%,,,,7.1%,,,,,,,,,,,,,,,,,
STAT,STAT-Statistics,11300,Statistics & Society,202230,Summer 2022,006,22870,"Crabill, Cheryl L.",23.1%,10.3%,2.6%,,17.9%,2.6%,5.1%,15.4%,2.6%,7.7%,2.6%,,,,2.6%,,,,,,,,7.7%,
,,19000,Data Analysis And Applications,202230,Summer 2022,001,13009,"Ward, Mark D.",,,,,,,,,,,,,,,,,5.1%,94.9%,,,,,,
,,30100,Elem Stat Meth,202230,Summer 2022,001,29253,"Loria, Jorge E.",21.1%,,5.3%,,15.8%,,10.5%,15.8%,,15.8%,10.5%,,,,,,,,,,,,5.3%,
,,,,,,Y01,13978,"Munson, Christina E.",21.9%,1.3%,0.4%,,26.2%,1.3%,4.7%,14.6%,,2.1%,3.4%,,2.1%,,11.6%,,,1.3%,,,,,9.0%,
,,30301,Prob & Stat For Business,202230,Summer 2022,002,32032,"Porterfield, Pamela F.",7.3%,,2.4%,,24.4%,2.4%,2.4%,17.1%,4.9%,,22.0%,,,,9.8%,,,,,,,,7.3%,
,,35000,Intro To Statistics,202230,Summer 2022,003,24109,"Shin, Halin",22.6%,4.8%,7.1%,,15.5%,10.7%,9.5%,1.2%,3.6%,6.0%,1.2%,1.2%,2.4%,,7.1%,,,,,,,,7.1%,
,,41600,Probability,202230,Summer 2022,001,24293,"Noack, Christian J.",7.1%,,,,7.1%,28.6%,21.4%,,,21.4%,,7.1%,,,7.1%,,,,,,,,,
,,,,,,002,30246,"Noack, Christian J.",7.1%,7.1%,3.6%,,17.9%,17.9%,10.7%,7.1%,7.1%,14.3%,,,,,,,,,,,,,7.1%,
,,50300,Stat Methods Biology,202230,Summer 2022,Y01,24406,"Xing, Yan",7.1%,2.4%,4.8%,,19.0%,7.1%,9.5%,16.7%,,9.5%,7.1%,2.4%,2.4%,,7.1%,,,,,,,,4.8%,
,,51100,Statistical Methods,202230,Summer 2022,003,29256,"Chakraborty, Piyas",16.4%,6.2%,5.5%,0.7%,11.6%,8.9%,10.3%,10.3%,4.8%,6.2%,2.7%,1.4%,1.4%,,6.2%,1.4%,0.7%,,,,,,5.5%,
,,51200,Appl Regr Analysis,202230,Summer 2022,Y01,13178,"Qin, Tiantian",9.6%,1.4%,8.2%,1.4%,37.0%,5.5%,2.7%,6.8%,2.7%,5.5%,2.7%,,5.5%,,2.7%,,,1.4%,,,,,6.8%,
,,51400,Design Of Experiment,202230,Summer 2022,001,10128,"Glubokov, Andrey",30.0%,,10.0%,,20.0%,5.0%,10.0%,,,,,,,,5.0%,,,,,,,,20.0%,
,,59000,Internship Seminar,202230,Summer 2022,001,13160,"Xie, Jun",,,,,,,,,,,,,,,,,,100.0%,,,,,,
TECH,TECH-Technology,12000,Design Thinking In Technology,202230,Summer 2022,003,22373,"Kotla, Bhavana",63.9%,11.1%,,,13.9%,2.8%,8.3%,,,,,,,,,,,,,,,,,
,,,,,,005,13805,"Rivera, Ralph L.",82.9%,5.7%,,,2.9%,2.9%,,,2.9%,,,,2.9%,,,,,,,,,,,
,,,,,,026,32636,"Will Pinto, Christian D.",68.2%,13.6%,,,4.5%,4.5%,,4.5%,,,,,,,4.5%,,,,,,,,,
,,19900,Polytechnic Success Seminar,202230,Summer 2022,002,32488,"Munguia, Antonia",28.6%,,42.9%,,14.3%,,14.3%,,,,,,,,,,,,,,,,,
,,,Spec Topics In Tech,202230,Summer 2022,001,31810,"Gan, Dongming",,,,,,,,,,,,,,,,,,100.0%,,,,,,
,,39699,Prof Practice Internship,202230,Summer 2022,CG1,20718,"Rasche, Nancy J.",,,75.0%,,,,,,,,,,,,,,,,,25.0%,,,,
,,69500,Graduate Professional Practice,202230,Summer 2022,001,16594,"Newton, Kathryne A.",,,,,,,,,,,,,,,,,,,,100.0%,,,,
,,,,,,003,12851,"Elwakil, Emad",,,,,,,,,,,,,,,,,,,,91.7%,8.3%,,,
TLI,TLI-Technology Ldrshp Innovatn,11200,Foundations Of Org Leadership,202230,Summer 2022,013,32033,"Abdinoor, Julie M.",78.0%,,,,11.9%,,,3.4%,,,,,,,6.8%,,,,,,,,,
,,,,,,014,32199,"Abdinoor, Julie M.",70.5%,,,,22.7%,,,4.5%,,,,,,,,,,,,,,,2.3%,
,,15200,Business Prin Org Leadership,202230,Summer 2022,011,31997,"Scott, Regena L.",60.0%,,,,25.7%,,,8.6%,,,,,,,2.9%,2.9%,,,,,,,,
,,21300,Project Management,202230,Summer 2022,001,12665,"Dunlop, Steven R.",60.0%,4.0%,,,4.0%,4.0%,,4.0%,,,,,,,,,,,,,,,24.0%,
VCS,VCS-Veterinary Clinical Sci,61000,Clinical Training,202230,Summer 2022,001,14130,"Scott-Moncrieff, Joanna C.",58.8%,8.8%,,,,,29.4%,2.9%,,,,,,,,,,,,,,,,
,,,,,,042,27283,"Scott-Moncrieff, Joanna C.",45.5%,9.1%,,,,9.1%,18.2%,,,,,,,,,18.2%,,,,,,,,
,,63000,Cur Topic Vet Clin Sci,202230,Summer 2022,015,16457,"Scott-Moncrieff, Joanna C.",82.4%,11.8%,,,2.9%,,,,,,,,,,,,,,,,,,2.9%,
,,86100,Small Animal Medicine I,202230,Summer 2022,002,14074,"Parnell, Nolie K.",54.5%,,,,45.5%,,,,,,,,,,,,,,,,,,,
VIP,VIP-Vertically Integrated Proj,17920,First Year Part In VIP,202230,Summer 2022,053,30645,"Dustker, Srinivas Mohan",90.0%,,,,2.0%,,2.0%,2.0%,,,,,2.0%,,2.0%,,,,,,,,,
VM,VM-Veterinary Medicine,24900,Clinical Rotations III,202230,Summer 2022,001,20742,"Brown, Chad R.",73.3%,,,,20.0%,,,,,,,,,,,,,,,,,,6.7%,
,,,,,,002,20896,"Brown, Chad R.",71.4%,,,,28.6%,,,,,,,,,,,,,,,,,,,
,,39000,Practicum,202230,Summer 2022,001,14051,"Brown, Chad R.",3.6%,3.6%,92.9%,,,,,,,,,,,,,,,,,,,,,
,,45000,Animal Emerg-Disaster Mgmt,202230,Summer 2022,001,12251,"Smith, Jennifer R.",100.0%,,,,,,,,,,,,,,,,,,,,,,,
WGSS,WGSS-Women Gend&Sexuality Std,28000,Women's Studies: An Introductn,202230,Summer 2022,001,32034,"Frazier, Allison P.",20.0%,20.0%,,,20.0%,6.7%,13.3%,,,6.7%,6.7%,,,,,,,,,,,,6.7%,
,,,,,,Y06,27529,"Parker, Caitlyn N.",3.3%,,86.7%,,,,,,,3.3%,3.3%,,,,3.3%,,,,,,,,,
